id,userid,driverid,carid,location_user,location_driver,destination,price,est_time,date_time
1,48,217,38,28.559492,37.8163881,50.1681931,7788,708,2022-11-03 04:53:06
2,139,126,48,-6.3385652,36.276526,5.9691815,9143,4274,2019-08-12 08:38:35
3,578,258,85,14.5788472,7.0539999,35.709077,2734,567,2025-09-06 20:30:02
4,716,143,4,41.1846097,28.844818,31.297414,3039,2596,2020-02-10 21:25:03
5,27,302,68,12.4866658,-18.6248754,30.310011,3652,4042,2021-04-27 01:30:26
6,131,10,1,48.9105576,-2.9116926,-13.1435017,4227,3926,2024-02-28 18:22:25
7,670,74,99,-22.8262707,59.9384597,29.251181,2715,1892,2023-08-01 07:23:09
8,408,323,38,49.7002226,30.837881,-8.5361861,7274,1932,2023-09-21 19:58:51
9,747,93,81,-9.0047392,23.498459,54.13607,4051,1618,2018-05-30 02:48:42
10,4,59,43,-9.8251183,-10.0836633,22.6491239,126,4956,2018-09-15 16:58:51
11,493,288,65,47.9963155,-4.4008685,-10.5733141,4500,3858,2021-11-11 04:13:10
12,616,194,2,49.8073475,23.7247599,60.2527141,4082,4100,2016-03-01 02:01:58
13,136,109,88,35.6603089,51.1500374,39.9051618,1464,4133,2021-01-14 02:55:28
14,631,329,38,18.8782625,4.1728946,49.78998,5685,4464,2017-06-20 20:22:22
15,332,57,73,28.353912,9.3847618,42.2431463,8093,2225,2018-11-03 10:30:58
16,505,250,20,14.4722497,15.5754812,-35.5364676,3271,492,2017-02-18 08:47:11
17,828,165,100,12.9707642,29.474413,52.7569427,2374,1490,2020-04-05 07:21:43
18,497,267,80,42.7981285,26.648393,6.408891,734,3405,2017-02-26 10:42:54
19,830,298,68,37.9697625,62.679165,-6.4154,6109,265,2020-03-12 23:59:29
20,505,320,41,48.799627,30.555665,47.7820865,3438,2648,2022-04-24 14:54:08
21,367,69,47,36.639033,41.0534668,40.7485192,8836,1529,2016-06-21 12:51:38
22,402,201,71,-18.9201331,23.0356299,-5.9873416,987,3473,2022-06-09 20:56:52
23,575,177,19,2.1842278,-20.2687728,36.0887208,485,345,2022-06-24 03:18:18
24,907,140,18,16.7499304,43.6017884,43.1283145,1185,1976,2025-05-10 21:18:52
25,827,231,72,22.2016816,44.0088432,-8.1392189,7407,4767,2017-02-17 05:55:08
26,687,231,5,36.759507,65.8368628,39.7975767,2243,984,2017-06-15 08:34:16
27,124,204,46,55.1052515,50.6302806,31.0452345,1422,3345,2022-10-31 08:54:21
28,463,250,54,25.2911632,16.416095,10.098232,7481,3208,2024-03-05 07:19:13
29,649,196,43,59.7205546,49.3550162,36.089488,576,2186,2016-11-26 08:37:47
30,652,72,85,14.6927715,32.0467278,-18.0549287,6975,1762,2018-03-20 07:38:34
31,154,192,6,45.2671352,43.1839958,-6.427987,6775,3923,2016-01-23 02:18:57
32,486,252,29,30.823054,0.3407154,28.438851,288,3154,2022-06-21 19:11:15
33,882,295,37,34.2423088,31.991961,5.1744472,8431,1644,2019-02-13 20:32:21
34,298,189,12,-7.511308,50.5374971,28.650072,761,989,2019-01-16 12:32:32
35,620,69,7,-3.6499007,49.2001199,40.7477848,2944,4996,2020-11-05 16:54:21
36,376,265,81,11.8566874,22.0897108,59.870238,8128,1292,2025-02-21 21:56:17
37,623,169,49,-6.4759944,-10.6776695,13.789644,312,3609,2021-02-01 18:01:03
38,891,133,35,56.4010545,22.521523,26.497765,3015,359,2020-05-10 16:22:04
39,412,195,76,10.9556419,-7.504714,54.503177,6113,4334,2021-11-25 19:23:55
40,78,53,73,56.216468,42.5666535,37.105382,7140,3707,2020-12-26 08:05:25
41,586,267,91,-22.8140057,5.5864963,16.663904,9239,445,2021-01-10 23:43:17
42,347,222,58,37.27,-7.4111208,55.6862651,3328,1701,2024-11-22 14:33:27
43,710,205,93,28.074649,31.295228,17.263531,438,3381,2018-09-02 14:23:26
44,628,75,56,55.9140499,51.9956496,53.5279314,9818,141,2025-04-22 12:38:43
45,65,254,21,15.491919,-21.597138,40.9837776,7651,4930,2015-10-04 09:19:45
46,294,78,43,6.0351528,13.7341,47.1910839,4656,4426,2017-07-09 01:41:24
47,648,277,76,6.7001345,14.6773777,49.2302517,7392,3364,2018-07-25 22:47:45
48,306,123,18,7.639571,13.5292779,9.561219,1704,2191,2022-09-14 20:27:40
49,833,53,34,19.258341,28.6517195,-0.2762774,1024,1781,2020-09-03 19:41:28
50,23,28,59,38.1483676,9.616419,-19.5803242,3372,1971,2023-12-08 07:57:46
51,157,169,94,30.006284,-8.3465933,-8.0295271,4247,359,2024-07-19 15:35:44
52,740,329,73,-29.9629768,11.1490559,7.75,6614,203,2024-02-08 06:40:52
53,943,135,1,61.7242142,36.684789,49.4395013,2411,1088,2021-07-02 14:40:49
54,820,283,75,9.338682,-7.606418,49.0496835,489,783,2022-02-22 16:39:12
55,321,140,72,55.580853,32.477849,31.801136,9871,4323,2018-03-30 21:02:22
56,640,181,76,-6.8921607,-21.9703146,15.5724296,4304,454,2020-10-22 22:18:37
57,118,186,81,39.6589565,37.0901727,40.797661,9805,278,2019-10-09 22:44:06
58,610,17,1,-8.4824984,38.4208043,23.365556,1929,3354,2022-12-01 13:05:25
59,688,323,35,39.5022546,22.183206,3.033069,8513,2208,2018-05-14 22:25:06
60,489,146,77,-23.7243543,27.87132,55.7213148,6912,3619,2025-08-26 16:06:58
61,653,289,60,45.5155832,45.08338,49.9257105,3688,631,2017-10-11 19:21:57
62,554,199,60,53.768384,43.5066525,-2.5421083,4705,4996,2023-12-15 14:00:08
63,168,170,25,38.2,43.3209022,-7.0543824,2367,1265,2021-12-07 04:13:37
64,139,184,1,-14.226324,46.5736928,38.5866475,2451,2552,2021-06-01 18:32:40
65,253,139,31,5.8901373,14.5520342,21.752396,3014,1184,2022-08-25 01:58:36
66,916,23,53,-9.6239,40.7284708,0.0162131,8607,1988,2024-04-25 12:26:55
67,944,277,74,-8.0367968,32.0777617,16.167313,4015,4429,2016-01-10 00:01:40
68,873,346,73,54.7598905,28.454862,37.9380466,5271,2927,2023-03-22 11:23:10
69,613,142,88,45.4885295,8.0036924,6.02806,5955,4176,2020-11-16 14:21:20
70,677,278,26,44.3983211,59.320622,28.644598,199,507,2024-07-08 13:00:23
71,619,167,82,59.4874462,11.4739808,40.8288144,5030,3600,2019-09-07 10:21:55
72,9,258,71,14.7601863,55.6602448,-21.816667,3121,3475,2025-07-17 15:15:38
73,523,2,81,37.8524958,41.3176391,31.2031123,663,2789,2025-04-14 06:06:31
74,400,82,63,6.2244851,-21.3699248,24.84662,8130,1000,2025-04-15 18:23:02
75,248,132,33,-0.134137,43.0150759,30.911728,5959,3199,2019-07-29 04:34:30
76,338,279,25,14.86876,33.016688,-10.10712,5294,4475,2022-02-24 07:45:47
77,588,273,2,37.3420459,-6.831959,43.865595,3156,2270,2022-07-03 16:32:17
78,638,99,92,-7.9060665,34.329605,52.7401064,9084,793,2022-04-30 11:39:45
79,186,144,34,41.5320313,32.9753084,59.6313435,4185,3892,2019-07-12 01:54:07
80,60,111,91,15.9009759,43.4554,8.7603327,4503,1654,2017-05-12 14:22:41
81,127,220,41,2.9363162,-9.7386858,-34.6104702,6710,2898,2024-12-10 12:20:35
82,834,29,2,35.083111,10.5113238,-34.5688333,2136,3538,2018-08-23 19:17:19
83,20,343,2,18.9452479,22.99732,-4.3562151,1869,1620,2020-01-12 11:57:05
84,630,177,52,58.8578776,-23.3711864,47.642707,9614,4465,2022-07-24 06:17:40
85,195,122,18,14.53333,39.732646,34.99204,5205,3660,2017-03-17 15:25:38
86,838,321,26,23.025305,-7.466569,-22.5306158,1323,3545,2018-07-20 17:14:16
87,280,48,45,22.825065,36.2761885,30.677233,6485,2721,2020-10-11 11:45:57
88,41,300,41,-6.9890654,32.515255,-45.5712254,1270,3806,2015-11-11 19:32:38
89,167,185,8,-19.6115404,-14.3562,-6.160726,9622,3712,2023-03-11 11:22:26
90,6,131,73,12.0518011,48.2521582,42.5944931,4450,694,2016-04-27 07:09:44
91,559,238,75,39.133989,9.2029332,34.000317,5466,4337,2016-02-22 12:53:55
92,431,326,68,-22.787936,14.4068464,-6.3079232,4091,3350,2019-02-14 17:19:26
93,985,265,5,-6.8937212,38.341245,46.3039325,7929,157,2021-12-02 17:16:11
94,289,56,47,46.1060591,53.9096,-20.0791909,6464,843,2023-03-21 12:16:57
95,66,50,50,40.076762,30.931792,56.9651439,3140,2610,2016-06-23 08:30:53
96,546,251,70,-6.2455587,39.90246,39.14,2219,2544,2019-08-15 16:40:05
97,566,327,29,21.0744245,29.859714,55.751248,3807,4379,2016-03-07 05:10:57
98,733,264,11,8.16667,38.6803776,41.346515,973,4298,2024-04-26 03:14:53
99,387,229,41,0.5695252,31.2690077,45.5322977,625,4272,2017-06-19 20:54:21
100,25,188,88,37.74,-29.0563937,8.77528,4745,2468,2016-07-24 02:15:18
101,334,207,27,40.401045,-20.4967315,-8.7578663,5677,3201,2024-06-13 02:15:15
102,796,76,25,38.7021233,45.8361992,51.9870165,882,4595,2024-10-04 04:44:34
103,441,57,7,13.658247,9.262717,-18.1929582,5296,2362,2020-10-27 13:38:43
104,694,140,74,41.5817519,32.890479,41.305838,8705,4123,2025-01-17 01:48:57
105,96,163,70,29.0825,56.3229585,14.3958755,1992,4357,2017-10-25 02:25:44
106,199,161,81,54.3749589,40.3829273,44.1580429,4774,771,2019-03-04 19:10:52
107,958,309,26,40.92194,-29.6880479,20.4314732,7592,1379,2021-04-21 08:55:17
108,489,206,96,15.8171073,38.7908786,-37.758979,5346,4128,2020-04-12 04:49:30
109,339,214,95,49.1931313,7.539403,51.9489686,4046,1466,2018-02-20 18:39:45
110,867,69,2,50.3919,40.8318278,6.9782137,9496,1747,2024-12-13 20:46:18
111,351,184,37,58.6316895,54.3093365,55.706586,3077,4783,2016-02-02 05:49:53
112,890,2,56,-6.2433851,-20.1924448,38.7759506,4374,4470,2023-09-30 05:27:33
113,417,167,69,-18.4315276,29.584292,68.0986274,7468,3115,2019-05-04 06:42:37
114,881,332,51,-8.6742387,-6.352044,19.3803931,4170,924,2021-12-24 03:44:13
115,455,228,67,31.6890813,28.220406,11.1856085,178,4219,2025-08-25 02:00:20
116,335,178,9,36.982186,8.9392884,38.021567,140,4867,2018-12-17 21:38:52
117,511,346,3,13.3723061,30.643569,41.01,1119,300,2020-03-10 10:38:52
118,14,206,49,57.6999197,5.4942923,22.251924,1227,3489,2021-09-16 14:15:14
119,391,349,98,36.457599,7.20312,-7.5475962,7284,2711,2021-04-18 03:10:47
120,674,52,37,32.320332,-21.203385,35.1529042,2354,3244,2020-07-02 19:40:41
121,347,48,40,50.3396453,49.7979502,-24.1959097,4495,4759,2021-05-18 15:00:01
122,399,133,93,45.521519,30.7298739,39.134282,1824,2196,2021-02-19 19:40:40
123,98,197,76,13.9791936,18.298838,-10.7507694,6548,1199,2017-03-14 11:02:31
124,299,50,61,-4.4008685,10.0850213,43.24417,9206,785,2017-12-05 02:01:33
125,919,39,23,44.9870496,57.5788645,14.5748896,7533,445,2024-10-20 20:16:40
126,759,262,61,29.184943,53.2169534,31.129098,6391,1533,2016-08-28 10:58:00
127,299,288,30,48.7877067,10.5922194,7.1138119,2071,2221,2023-09-08 20:37:33
128,604,47,40,13.7405282,48.8069601,4.9237913,5007,423,2022-07-06 05:34:38
129,360,147,80,14.22584,15.809627,23.12911,6500,2498,2020-04-25 11:38:24
130,602,309,31,39.0927696,-26.6536509,-7.090073,6310,4636,2020-06-05 14:33:50
131,827,191,18,39.0390133,-26.4822209,-6.939897,8910,2505,2016-02-29 14:35:02
132,74,108,97,10.789771,-2.5303,51.1907529,7600,3684,2025-10-03 10:10:15
133,883,275,90,49.3909134,48.1402236,-24.2313531,5372,4902,2018-01-25 08:57:29
134,290,21,62,27.30459,52.3824851,7.4843888,9019,4046,2021-08-18 09:06:57
135,816,21,18,35.991705,6.4387946,25.876232,5996,3774,2018-07-09 12:23:35
136,672,41,98,40.6236168,52.695844,20.4112324,2242,91,2020-12-03 10:19:23
137,599,173,6,-4.083144,-22.0853991,60.6847164,2915,1154,2022-05-02 11:24:45
138,313,179,14,13.5267844,40.5072039,56.854995,7388,2989,2018-07-15 09:04:49
139,405,345,45,-14.33056,59.82941,8.0478831,9986,3654,2019-08-21 23:19:02
140,807,255,100,43.4945737,47.3752386,30.9252192,4825,1138,2024-08-26 01:22:48
141,455,336,10,8.508983,-7.620317,31.340637,6708,2560,2016-01-06 09:43:20
142,748,283,3,52.4867189,38.604702,57.9244338,4003,675,2022-04-15 03:08:21
143,574,58,14,11.5012022,33.4206358,56.2130392,4976,1653,2016-03-12 19:11:38
144,676,170,65,36.6759691,42.0130165,-15.4384565,9694,961,2021-02-20 11:02:37
145,690,236,56,-24.2449065,53.88335,5.98111,4679,3829,2023-01-04 13:12:33
146,972,213,78,61.2022597,4.398278,-8.412098,2751,352,2019-07-01 20:32:13
147,996,333,72,48.1288628,-7.9794517,41.5332101,8512,2751,2021-02-18 23:40:15
148,730,298,5,28.324391,-29.4075749,35.761829,7147,709,2024-08-05 21:08:29
149,147,100,53,41.634449,28.880867,14.6306039,4314,1220,2016-10-24 08:09:01
150,856,295,96,32.8924632,41.773672,-7.2065356,333,2650,2024-12-08 13:57:41
151,133,39,86,31.825073,49.917089,-8.3165281,6804,4535,2020-11-08 08:36:58
152,16,297,53,44.7800716,-6.5961314,7.15611,7725,2831,2019-04-12 20:57:57
153,326,206,65,56.7391033,48.3006708,56.8338605,260,2046,2016-08-25 20:01:45
154,919,57,74,55.3605576,62.8511538,-20.2384864,4767,1161,2024-04-01 18:18:35
155,863,280,9,-31.4325479,13.939297,22.919769,666,3204,2020-06-25 07:26:06
156,878,10,3,30.9882241,-7.0431437,25.400256,6011,2901,2024-07-06 13:02:27
157,729,177,36,24.1477358,56.030318,48.942644,1793,3269,2016-01-02 10:19:21
158,145,220,88,58.1293824,9.0462197,7.514621,3597,1144,2022-04-02 05:57:37
159,636,303,88,35.2234722,36.1,48.7700185,6794,1807,2021-03-11 03:33:22
160,544,167,55,50.3290055,52.4934588,49.8381802,3301,2980,2025-01-23 07:57:34
161,44,346,94,43.6953508,45.6110839,-6.5778193,1537,1467,2019-08-19 12:44:50
162,220,120,94,-22.027222,45.1310529,23.7221111,5660,1393,2017-07-10 15:55:54
163,519,271,92,48.4187171,28.5852762,31.5233543,7119,935,2017-12-08 04:59:54
164,439,129,6,-13.5,-33.326671,47.491705,7752,3563,2023-06-25 18:55:04
165,630,123,66,32.2951394,42.7109791,-6.8744345,8330,3814,2023-03-04 10:43:06
166,244,182,53,62.3822834,-7.7403739,46.524673,3164,2378,2016-05-12 03:40:04
167,268,285,43,30.630173,51.883,31.93592,3499,2261,2022-02-14 09:31:05
168,760,44,74,43.8317876,9.7663613,45.8524432,6886,3037,2021-02-13 01:32:12
169,722,154,45,12.4894021,65.8375549,39.974179,9053,1104,2022-02-13 09:41:50
170,320,347,96,47.2420053,-30.1114565,13.4253347,1923,4928,2020-06-09 08:15:45
171,731,85,77,39.7761758,58.1293824,31.1195391,9773,1920,2022-02-15 20:55:02
172,67,30,46,-7.216667,49.5671764,-7.305958,8864,1418,2016-06-08 02:25:44
173,497,304,30,22.691253,53.6190091,42.7334485,9790,272,2020-02-20 17:37:44
174,956,204,99,42.6629138,13.0553726,56.8335579,6959,1716,2024-01-20 03:05:16
175,676,121,1,41.076226,8.1601168,57.9869523,5164,1970,2022-12-21 12:49:49
176,826,209,6,-32.4871605,49.5743316,-24.6282079,2265,2037,2016-11-05 03:24:57
177,318,257,5,55.34534,14.0767924,40.6195225,303,2098,2024-06-30 04:18:31
178,247,178,14,35.897702,39.9996674,49.9958286,7784,3908,2022-03-27 06:19:20
179,870,329,73,49.712424,50.643436,-23.4794456,9559,2126,2016-06-22 14:31:23
180,874,234,21,34.313074,29.806827,46.4064605,3472,1276,2023-02-04 06:27:40
181,931,136,26,24.1838881,34.90994,-7.370819,6689,87,2017-06-19 01:28:40
182,209,350,73,37.7343371,23.1271241,-8.4428564,2086,4031,2016-08-20 01:27:59
183,130,117,69,-6.9039936,36.0917434,57.6419655,6918,72,2020-06-01 15:41:24
184,679,92,49,36.3688889,39.906972,-0.7140022,455,3940,2019-10-04 03:03:03
185,212,315,23,41.4655177,9.9411601,38.004153,485,4980,2024-04-11 01:23:52
186,849,124,16,30.02,39.9666494,12.4917999,4323,4414,2019-11-10 17:02:24
187,516,30,51,31.259822,-23.9949104,18.0675189,2645,2055,2024-10-27 03:30:50
188,220,125,30,-4.6633041,49.3304143,1.2061176,3213,3803,2019-09-12 11:37:37
189,464,141,47,4.5385626,48.3940341,51.7181762,1245,1835,2017-09-04 05:13:31
190,707,47,58,57.1140206,40.576319,32.4402243,2964,3265,2016-06-20 15:16:36
191,321,92,17,22.533583,23.1456682,11.2642678,860,4599,2025-01-21 21:27:48
192,579,118,69,-5.5775197,38.5633826,8.8763514,8040,3380,2020-04-13 07:24:18
193,742,85,12,25.822138,46.0573473,-3.7436735,3723,2675,2022-08-01 14:43:24
194,225,334,6,28.864642,-8.6282191,43.4009223,2079,3812,2023-08-04 21:21:15
195,27,284,76,-7.2608514,14.434698,35.1133985,7326,2234,2018-08-14 07:24:40
196,225,341,25,-7.7701645,20.9064323,-7.7701645,9478,4409,2023-05-30 18:44:53
197,159,233,85,45.0454855,15.01667,50.8290179,4251,2226,2025-08-05 14:43:22
198,492,160,25,44.2990355,49.94712,-25.1042007,5722,3956,2019-01-02 13:02:55
199,529,261,39,-5.9617867,39.0225262,48.7037515,654,2177,2018-07-07 18:30:22
200,393,75,64,-7.2282295,45.5423201,39.4242713,9996,465,2017-02-01 00:36:20
201,877,45,15,49.1809643,24.9689194,-8.4382384,5622,3384,2017-10-30 04:04:08
202,616,142,12,51.490189,38.284947,22.9171031,745,4527,2023-08-04 16:21:46
203,412,316,13,29.1520649,-6.1785289,23.157289,4875,4751,2021-04-02 06:55:10
204,649,20,84,30.7919022,-34.6761,2.886246,9722,4630,2018-01-24 03:30:38
205,728,325,24,0.9073068,29.273357,-7.3427222,3913,1906,2019-10-01 13:13:46
206,784,94,21,35.761829,-7.034968,39.4582827,8452,2778,2022-12-16 23:13:28
207,202,20,80,36.6753224,53.7431909,39.8230099,4748,4105,2017-11-21 12:14:10
208,861,32,57,18.3983133,16.959,2.449478,7333,4751,2017-11-19 14:02:59
209,212,60,84,-31.48342,38.6037983,48.809598,7404,2011,2024-11-05 07:08:31
210,135,298,14,35.881348,40.3779093,39.9791423,750,4168,2020-11-27 21:56:12
211,259,174,68,-15.6903468,-34.6950382,11.1300808,4089,1493,2019-03-04 19:39:27
212,120,327,23,39.9250988,34.052996,30.1921004,3035,4038,2020-01-06 19:59:12
213,813,338,38,66.550073,45.4815563,-10.4322235,2689,4323,2021-07-09 00:36:32
214,246,327,81,26.312444,13.4760985,34.8148172,3124,4021,2025-05-29 22:36:54
215,806,145,81,49.6496394,15.5251409,46.3194856,5631,2750,2020-10-30 22:32:57
216,353,149,15,27.861901,48.7226206,8.6962086,4813,1838,2023-09-18 04:58:16
217,553,272,26,10.2453984,13.5122393,52.1466159,9331,4245,2023-07-25 03:20:43
218,927,58,19,-33.5339107,34.1596834,23.276324,7306,4120,2019-01-12 02:48:48
219,996,96,98,40.834681,-21.4152377,-19.8552965,6667,2592,2020-06-26 15:33:34
220,374,319,68,33.1362221,24.633362,-8.1879,9438,1708,2020-07-13 12:44:32
221,841,290,55,41.5788457,-3.446207,-6.3077304,264,3255,2017-11-29 17:33:32
222,765,182,96,14.1752039,-35.0234334,51.7788594,9269,488,2024-12-31 07:58:59
223,388,11,87,56.2270517,37.4760836,49.0395242,1239,2076,2016-01-14 10:06:27
224,945,147,20,-8.0871,-21.9310093,14.6965,9502,4263,2020-12-30 06:00:54
225,350,349,77,63.2994414,48.7277622,-34.6331511,1425,43,2023-03-01 06:15:52
226,513,133,48,49.8458727,52.5496772,-32.9444147,7827,1499,2016-11-14 20:57:14
227,343,282,67,-7.6534546,41.286107,23.7173024,4212,3310,2018-08-12 10:16:23
228,919,37,73,34.014215,30.592849,13.8233857,9120,1522,2021-06-07 20:47:32
229,980,176,75,11.4493585,9.7209866,16.3793702,5742,519,2022-02-04 06:29:26
230,257,234,57,-6.8380623,39.353118,33.2704888,5957,2930,2016-11-27 01:47:54
231,785,126,93,-21.953253,49.1232748,-7.5944434,8558,281,2025-05-17 19:48:18
232,264,171,47,52.7572749,-7.1066698,56.6032687,7850,4168,2025-09-23 00:07:43
233,90,84,32,9.7525077,15.479529,11.0358967,5573,3448,2024-05-23 01:02:47
234,822,112,63,-7.2157251,39.3096984,-6.7354694,3100,2580,2025-07-10 03:08:36
235,502,54,39,10.1775604,36.7284026,-7.37242,5304,284,2018-03-12 12:46:56
236,988,330,6,26.006775,16.1797497,23.150928,9504,676,2023-10-10 05:54:06
237,965,336,36,-4.5699815,-7.1260248,46.8381863,635,3691,2017-06-06 02:44:19
238,878,216,63,42.90835,29.306756,50.0751569,3108,403,2016-02-13 19:57:37
239,501,135,24,-7.1916713,6.7954977,43.1971197,4245,2622,2015-12-14 15:39:10
240,943,226,93,14.6279122,9.8566537,-6.8937212,8184,1097,2019-10-05 18:57:29
241,265,235,39,20.5479443,49.1095977,46.4144282,4525,521,2024-07-11 03:01:59
242,727,14,62,37.07,-8.4318,35.65599,4962,1518,2021-04-03 13:25:09
243,83,43,11,24.633362,53.5650926,11.6494676,7641,4681,2025-05-18 23:00:57
244,277,179,52,38.1454503,63.8223321,59.719721,7627,1023,2024-03-06 10:04:26
245,140,310,85,38.6031664,23.07555,18.2464685,6177,1261,2023-12-15 04:14:16
246,962,315,95,18.5086907,36.5098375,-17.72332,1834,2521,2021-07-19 05:47:22
247,440,213,3,16.01787,27.690732,7.9601788,288,3901,2022-07-12 12:37:09
248,228,228,31,27.646096,36.905485,-9.5950796,2955,3857,2025-03-20 13:18:47
249,98,108,39,1.5073967,51.8796,-7.5407175,7630,3531,2025-01-14 23:15:27
250,954,199,55,-13.7543026,-6.9736661,50.8424855,274,4091,2018-06-29 02:08:48
251,284,279,39,-7.2906502,6.2479238,-27.508507,3463,2112,2018-12-10 11:12:11
252,473,317,33,-6.906714,50.8497,-6.7120714,8158,4723,2022-12-19 11:29:56
253,900,79,68,35.7517244,61.1331274,-8.1356,5575,116,2019-04-19 08:28:55
254,711,30,62,-7.5202294,35.8325673,36.2268985,5156,4575,2020-08-27 04:47:44
255,424,162,17,56.4797638,59.82941,29.849977,3719,1739,2024-11-29 22:39:23
256,990,37,8,-30.5148445,60.0146083,-6.2688922,4556,3863,2020-09-06 10:58:36
257,897,201,26,7.363608,-6.3270611,45.417087,6062,1273,2017-03-31 15:20:49
258,736,178,19,7.20312,42.0993861,43.2600338,3120,2078,2023-04-09 21:01:22
259,476,350,27,40.1912987,56.0442244,59.0295207,5214,2186,2025-07-06 21:32:22
260,888,297,65,11.5013799,5.4356367,36.7821,6741,1937,2020-10-14 19:27:41
261,40,145,96,25.60162,-8.3765619,25.558201,9535,3380,2023-03-04 23:45:10
262,622,290,31,25.575165,48.99534,14.8853727,7997,3639,2023-09-09 01:10:28
263,704,242,48,52.3076201,-6.939897,49.6052603,9347,1223,2025-09-24 16:25:28
264,956,311,56,30.577776,45.4331407,46.9656528,1213,4926,2023-11-20 10:22:38
265,874,138,28,48.7336014,21.630384,57.1739369,7956,3211,2025-01-26 15:33:00
266,485,14,81,8.7009282,-31.48342,15.1650908,9711,1587,2019-09-14 13:05:22
267,285,21,91,-21.4261129,32.4937455,28.73733,2270,568,2020-04-30 21:54:39
268,98,283,97,12.4830445,12.3420676,55.4426515,9932,4503,2021-09-16 08:43:13
269,111,140,92,-34.6381227,11.2328036,12.0036455,1858,4930,2020-03-26 17:18:12
270,441,179,44,19.4137276,-28.3006117,61.3220623,9228,2806,2023-11-30 11:44:12
271,886,14,13,39.7503186,-13.5321991,34.888685,8685,1557,2023-07-27 11:42:01
272,286,292,58,32.993106,34.2307023,53.5234017,5396,1680,2020-06-12 21:56:38
273,591,43,27,25.119815,64.6025198,-34.8234058,571,1020,2024-05-25 20:29:08
274,162,39,80,-6.4901067,41.0285407,42.854367,4961,1416,2018-04-16 03:16:24
275,948,264,51,39.9721425,49.2152833,42.280524,9403,2805,2020-06-16 12:50:43
276,168,271,21,50.023333,33.8779889,35.026516,3715,2510,2022-08-06 03:40:50
277,886,252,33,35.9613724,-8.5207109,55.9840531,5978,2052,2023-09-08 18:48:06
278,27,115,71,45.1604718,-9.3809238,38.2342865,7727,2057,2016-07-23 04:48:42
279,667,242,89,-8.7916488,59.2711605,-4.581521,8958,576,2022-04-07 17:34:25
280,141,12,62,59.4005705,17.8261143,34.7266084,3318,3346,2022-01-23 19:55:53
281,309,181,24,39.109563,14.0452728,38.7908786,7596,231,2017-05-15 05:42:08
282,454,348,2,-4.2163479,55.6613674,48.7057309,6548,2258,2023-04-24 19:43:13
283,127,3,23,44.596097,44.9688472,41.1604713,7723,1908,2024-03-14 00:23:58
284,44,142,65,52.7989429,5.799059,-0.931556,7016,3092,2017-08-18 17:48:42
285,118,135,36,45.48338,57.8196837,-7.4255209,4639,3489,2022-05-03 00:27:51
286,754,36,70,15.670299,-33.079137,8.9908333,6236,3471,2020-03-05 14:04:02
287,399,89,46,40.1430734,-7.4394897,18.226045,7341,1507,2020-06-03 01:52:35
288,848,154,71,-29.2581646,50.4665752,42.9267976,6363,1986,2022-04-01 15:30:34
289,232,122,60,54.9751557,47.1667317,58.5014132,8767,3741,2021-01-22 21:23:58
290,973,19,34,8.1113884,-7.6077557,14.7036955,3250,2939,2024-05-22 10:40:03
291,627,247,20,32.478018,-20.0495323,35.819227,8865,1600,2024-08-27 19:30:43
292,912,79,76,46.301744,62.0587526,40.9556823,6404,2767,2024-02-14 23:24:30
293,100,232,22,59.3648079,39.6975916,-11.1374632,9004,3039,2018-01-25 18:40:01
294,959,114,80,59.2711605,43.4945737,33.2731435,9432,1768,2018-01-12 13:39:27
295,338,257,31,12.4830445,32.675098,13.3393279,5584,4277,2018-12-02 08:47:37
296,565,119,55,31.491169,30.920219,24.05813,8777,4519,2017-06-19 20:38:11
297,159,113,34,32.990664,50.2350707,38.8905198,7869,757,2017-04-02 12:02:12
298,670,183,21,42.8038334,49.9609687,38.0409665,8755,1280,2021-04-17 07:38:07
299,480,284,80,49.988725,59.9251489,-22.7563906,2918,120,2020-12-02 05:20:03
300,555,79,100,48.8315157,32.318255,-8.4388642,1592,469,2021-07-19 01:51:36
301,57,50,85,34.12583,56.6695343,-12.883333,9693,2993,2022-05-12 02:00:55
302,23,41,60,-21.4099469,-8.845,30.9252192,6923,973,2024-02-25 19:56:37
303,967,330,10,30.864034,41.45,51.5004971,3151,2499,2015-12-31 11:05:35
304,37,179,36,48.8729498,41.8822489,52.3956594,6135,3101,2019-01-21 07:15:20
305,94,303,24,43.1352111,-19.9640617,37.509395,9600,4541,2016-12-30 04:02:43
306,452,234,89,59.3112521,48.7359933,6.6904032,675,4663,2023-03-19 20:37:23
307,835,335,21,43.7764262,50.22892,33.9715904,7882,3900,2015-10-08 19:30:07
308,682,125,9,52.0095284,-3.32192,6.552741,2347,2172,2018-12-03 18:07:28
309,414,245,29,24.84662,49.4863064,16.9633521,4295,197,2020-04-12 04:34:21
310,310,94,74,-6.6022253,49.3933184,57.9330635,4083,3442,2018-03-18 15:44:42
311,467,313,82,26.05045,49.715157,53.377533,2283,1057,2021-01-14 10:48:04
312,545,340,56,-8.2373951,23.701262,34.8438311,1001,2482,2025-09-23 17:17:28
313,988,173,85,-8.0110383,-7.9821907,42.4938831,5790,2330,2018-10-25 04:03:37
314,49,121,54,-7.62385,54.9143664,15.475069,5860,4134,2022-12-28 14:41:40
315,549,22,20,52.00577,-11.6604039,28.425613,8055,2639,2021-03-11 00:50:17
316,310,159,90,32.0608187,40.266667,36.962751,9433,3828,2023-10-31 09:32:41
317,711,281,26,42.0889602,38.3833041,30.6066166,5785,1955,2022-07-30 11:34:51
318,187,338,74,32.047749,38.1600508,41.336619,4261,537,2016-05-22 15:05:32
319,823,52,69,36.85608,17.7855637,59.3800269,3038,2975,2023-05-17 21:54:36
320,282,116,68,48.42647,-15.7304,53.2650844,4750,4204,2017-03-01 06:00:03
321,648,44,55,50.9811092,44.0127932,50.2334147,6565,4932,2025-09-05 13:35:33
322,619,225,41,52.9434371,7.5932558,29.743828,4725,40,2017-10-26 00:11:27
323,982,340,17,-21.5679739,62.0587526,50.0625015,9869,2587,2023-12-14 19:03:45
324,639,39,47,52.6886817,41.305838,45.2051732,9675,3654,2020-06-16 02:54:01
325,175,156,47,41.790245,-7.5996213,55.321347,4351,3975,2018-04-21 14:46:47
326,869,225,88,63.8898032,46.342574,-8.035636,3801,4958,2019-06-15 01:08:01
327,285,347,36,35.99,43.0173794,-7.3756003,6851,2861,2016-11-11 21:36:19
328,540,291,89,29.028066,5.4373199,29.256382,6044,673,2019-04-01 04:14:16
329,911,349,80,35.1149116,47.6508882,2.8045317,7293,608,2022-03-07 18:56:36
330,826,127,40,-8.0038635,51.2906483,39.6720868,1331,3617,2016-08-29 14:11:40
331,378,159,63,-24.097317,58.4249288,-8.3464,7168,1312,2021-09-18 04:45:39
332,293,283,25,23.736457,18.0313661,47.1601577,5281,1777,2020-06-01 05:57:39
333,156,290,16,26.66061,7.665099,35.909032,3393,4091,2022-09-21 19:59:24
334,378,196,52,-1.1748105,-4.6488523,36.7338782,6039,2038,2024-02-27 18:52:13
335,688,320,8,39.5245194,39.2097706,-6.5415,7448,360,2016-04-23 05:26:30
336,565,144,6,31.918232,57.537763,38.2019852,2572,4014,2025-03-20 18:55:33
337,824,236,19,42.5779358,36.2761885,39.5013158,7790,2481,2017-06-22 15:33:30
338,37,137,55,8.27533,-8.6107179,49.2849107,3857,3943,2024-03-29 19:21:13
339,475,17,20,-7.6387228,58.1295491,61.6972353,5341,810,2017-03-25 06:39:19
340,992,246,30,52.5643,-8.675462,53.302644,8939,1936,2025-05-07 01:17:09
341,216,318,86,10.049147,40.0179745,59.3558492,4191,4026,2021-06-19 11:45:19
342,715,257,18,42.699311,43.4945737,30.335237,2141,4278,2024-04-27 01:23:12
343,523,325,13,53.1250118,36.15,19.6594511,8748,420,2022-07-16 01:35:55
344,314,197,32,-7.7308816,11.5478704,37.7181398,3995,2093,2024-07-12 11:12:39
345,228,332,16,3.9356389,7.0389957,51.5116933,8377,3600,2023-03-05 10:03:21
346,85,160,83,38.308683,-13.5362103,37.9706037,6325,4243,2015-10-10 16:50:07
347,95,133,35,56.0127743,14.526832,53.4698755,1464,3931,2020-05-25 22:10:22
348,618,196,56,17.7409147,-25.50065,-7.0549395,6662,3932,2021-08-08 12:34:14
349,218,6,43,8.157005,55.7372478,30.04952,8953,1743,2024-06-03 18:02:48
350,224,20,12,36.7203407,40.608793,-22.8824635,9504,2943,2023-06-25 21:18:15
351,246,339,54,38.0625172,14,-6.7152549,7559,4047,2025-07-30 06:50:08
352,266,66,47,28.94074,-34.8702993,5.5382999,813,486,2016-06-24 14:10:56
353,233,171,90,49.2917766,26.394403,1.140872,9309,3493,2019-02-19 19:28:22
354,46,63,44,-21.0651542,-3.0029841,39.728885,9141,767,2024-04-16 17:52:26
355,421,20,92,-6.7769318,-6.5843262,44.1618902,5427,2186,2018-08-02 04:51:15
356,271,194,50,55.9353544,47.8840341,8.1243943,7934,1782,2021-06-08 16:49:20
357,141,108,94,42.3690023,27.991617,56.0895859,4505,1317,2020-02-19 08:47:11
358,566,317,41,11.7760619,56.0629097,49.5784817,8824,1589,2016-07-09 14:36:40
359,164,149,43,46.4979131,17.0852216,15.113515,2125,3115,2017-11-12 17:10:28
360,988,2,61,-6.8089753,43.6121586,27.785608,4550,3829,2019-04-16 17:41:48
361,347,330,9,10.4009358,59.3337467,-9.4954726,1624,4109,2024-10-27 13:50:09
362,795,40,57,-3.32192,-19.0153937,30.677233,3798,622,2018-07-21 19:14:04
363,469,298,48,40.6300635,25.504173,39.1070379,1736,1333,2021-12-09 14:37:28
364,111,49,17,-7.0631844,28.5177435,31.021461,9378,1829,2017-10-24 01:01:44
365,716,219,88,25.119815,22.993423,59.3549627,155,597,2022-08-04 07:57:51
366,192,12,29,25.485074,25.867277,30.741991,1784,3024,2016-08-31 22:48:04
367,890,347,25,32.187123,14.43675,22.493492,2867,1775,2017-10-26 20:32:19
368,164,328,66,1.08142,39.9097534,11.1946369,4574,4991,2017-09-11 00:45:32
369,848,123,77,54.4868002,2.941214,42.8718884,8327,3649,2024-09-10 10:52:05
370,369,168,36,37.9142806,19.8838774,-0.6209357,2247,1763,2019-09-13 09:15:38
371,445,149,93,-13.9705607,-22.1432288,63.8471115,5729,1742,2017-05-17 14:36:34
372,713,287,6,30.132282,9.9648655,15.0690612,6365,1112,2020-05-05 23:59:07
373,865,35,14,-13.8556,23.018033,24.364134,2740,2622,2017-04-25 18:11:28
374,970,233,69,16.0120719,-15.4384565,-5.0776795,8055,3854,2021-10-19 20:59:04
375,475,295,19,43.8485035,3.8459089,-21.2484875,3249,4887,2017-05-21 15:52:04
376,243,170,52,40.7512099,34.9731207,-8.0075658,1992,860,2023-06-28 02:33:13
377,786,9,11,32.053558,13.1277417,33.195993,4545,1940,2025-02-11 05:08:55
378,331,58,43,41.4591168,11.2642678,55.55,6241,3295,2020-12-16 00:40:28
379,555,27,28,59.1691094,49.5048872,-7.0487503,3042,1393,2017-12-26 05:55:10
380,654,281,52,39.0527074,21.355574,50.13332,9144,3274,2021-10-30 17:08:03
381,351,3,23,26.141854,33.9850358,26.0952694,5463,908,2020-04-17 04:48:05
382,279,16,94,37.1029277,2.7724038,30.93902,7728,199,2025-08-20 08:13:15
383,385,253,99,-7.20429,23.378505,37.953529,4607,3861,2021-01-14 09:52:39
384,238,52,80,-7.71725,38.9083752,39.873363,9111,2540,2020-02-08 06:28:03
385,78,331,24,49.4136066,-6.5643956,4.363324,4237,4318,2021-08-16 19:38:33
386,686,29,48,13.1789151,35.6726588,30.63963,8030,2691,2023-02-02 17:55:40
387,197,122,51,-12.7772947,39.172378,19.5269646,3050,3331,2015-12-11 00:47:30
388,112,59,53,41.98803,35.23369,29.834787,4530,3650,2023-04-23 00:44:20
389,642,220,53,18.6967739,-5.5850343,57.9093249,5919,4842,2017-02-24 16:58:17
390,432,345,71,22.69569,49.2210669,49.5850143,1301,3911,2015-11-10 13:29:29
391,704,98,99,29.474413,59.41522,30.04952,9046,4817,2020-10-03 18:08:51
392,474,154,54,38.456354,34.7173896,-8.0095874,7194,535,2020-05-30 15:57:16
393,637,95,92,49.3883262,49.9344975,-6.6134916,2251,1062,2016-06-24 04:43:54
394,412,234,82,31.298974,37.9600766,46.907884,5168,4516,2017-11-20 10:21:03
395,912,172,30,57.3301409,50.4897179,48.5059863,1027,621,2016-06-05 01:27:56
396,193,177,18,-23.0635314,10.142762,52.0895358,3973,3923,2018-08-18 19:21:17
397,645,8,24,56.3360497,0.3353678,54.20801,516,2517,2016-10-03 20:53:10
398,130,206,55,-6.4772202,35.20105,19.3803931,3410,345,2023-08-16 06:28:32
399,670,133,70,43.47139,30.728746,40.432725,2020,4060,2023-03-06 18:58:16
400,402,251,95,56.0345586,12.7854969,34.79951,5840,3737,2017-03-19 12:29:23
401,187,212,62,31.228026,-27.3607338,-33.0276981,8916,1395,2024-11-16 13:03:44
402,306,188,32,7.2188798,29.561775,6.6693528,7400,562,2020-01-09 15:51:23
403,65,331,43,9.5920992,51.513694,33.5068235,4235,650,2022-03-11 15:11:05
404,796,242,27,-24.5551012,42.2609633,49.5265342,5066,3934,2022-05-25 09:59:50
405,864,288,70,49.62406,29.916694,41.5979563,8896,2799,2022-03-20 15:23:32
406,140,89,26,9.9137002,29.299853,53.0831775,8753,3957,2016-11-20 17:18:17
407,900,66,65,46.1636706,57.708244,27.5566857,2662,3771,2022-09-01 23:57:04
408,246,157,81,-9.483333,31.568311,-5.5169316,7511,4370,2024-06-19 15:49:05
409,93,113,4,56.0161995,30.5211502,47.3591366,4853,620,2025-04-13 01:01:40
410,210,346,64,-27.4308908,-10.9,50.24987,4034,3323,2024-01-21 16:32:57
411,444,336,24,26.58051,-45.5712254,-22.7561319,1090,181,2019-09-29 01:01:05
412,75,62,13,30.679359,37.2203773,34.34013,7733,2583,2016-03-29 23:57:19
413,97,152,64,0.3987229,36.448127,42.2020702,9472,3974,2020-09-23 09:02:26
414,457,233,10,-33.3822982,43.613063,48.829733,5992,4885,2016-03-25 03:22:34
415,339,240,27,29.689847,46.4574669,11.0068891,6573,3551,2023-01-06 18:25:52
416,894,30,52,61.228665,39.8172259,-34.990888,8746,1425,2021-12-12 05:08:47
417,488,231,56,3.1121428,4.8271607,16.7445704,3821,4495,2021-10-21 20:15:19
418,25,295,25,31.617202,22.940196,41.403128,9801,4801,2024-01-17 10:53:45
419,166,61,74,-34.7277137,31.5255021,-0.8433489,3918,2130,2022-06-03 22:30:05
420,794,217,69,40.7240772,28.312001,55.4872242,5805,3281,2019-10-31 07:03:27
421,58,241,86,38.253338,34.073572,-6.8783,348,3554,2021-05-09 03:14:15
422,500,304,31,21.355574,24.012808,5.093026,6763,1117,2019-11-14 05:15:23
423,183,266,10,2.9614905,16.1131855,35.575417,7996,1759,2019-06-07 01:21:47
424,11,331,55,43.3045595,55.3500609,42.8983715,7875,3280,2017-10-08 16:36:19
425,826,319,96,6.7645757,16.0501738,54.8775481,322,1903,2025-05-19 22:43:49
426,257,151,65,-3.565921,34.66667,49.7575973,5829,3877,2022-07-04 03:43:39
427,728,169,71,-7.3312,49.031645,30.318685,9972,428,2022-04-25 05:51:56
428,752,199,66,57.6653832,-12.2695779,40.9743604,3873,882,2025-07-08 04:53:43
429,321,123,64,63.4388688,31.966667,-20.2530617,4158,987,2016-06-11 10:48:33
430,792,113,36,40.8247318,36.1125,-6.3212658,3765,4940,2017-02-06 21:33:41
431,96,60,34,34.8389466,-21.563131,6.9342148,4507,4338,2019-03-28 05:35:14
432,208,16,43,29.8483192,15.3252049,43.9332185,522,632,2025-05-10 06:40:08
433,791,227,87,39.1586587,32.107051,7.5273576,1617,4827,2018-01-29 07:31:28
434,4,43,19,23.7247599,45.7236192,-6.5096059,6397,4863,2021-12-25 07:07:31
435,794,81,1,26.7255231,35.5037598,52.431009,8059,582,2023-10-18 10:58:15
436,604,177,86,63.1257009,17.8895907,30.948905,4117,4627,2024-11-27 16:50:31
437,905,116,55,34.074131,10.3764175,43.6953508,3602,4319,2023-10-05 02:05:03
438,277,73,65,15.552727,31.7311971,-6.3323202,704,1874,2019-01-11 21:32:04
439,321,201,91,31.440961,-10.1749134,34.3552212,3828,2863,2025-05-15 13:13:52
440,981,87,35,45.5291637,-26.8191146,39.3438828,653,871,2016-11-24 19:04:37
441,586,246,49,55.086808,15.7967076,31.009235,2845,359,2016-07-12 18:35:29
442,257,122,2,22.579117,52.824354,55.6065,5717,4219,2022-04-30 18:35:58
443,118,17,12,-8.0716019,28.6693449,-41.748446,4936,2968,2018-12-07 20:49:53
444,30,41,52,49.075615,31.7338222,48.8144251,3539,3274,2021-08-09 20:29:25
445,543,124,93,50.98317,-22.5905906,8.7548237,7645,3312,2023-08-31 21:58:32
446,157,158,23,53.175543,41.761923,-6.4085961,8078,4110,2022-03-17 11:27:28
447,936,122,23,45.597839,36.569805,-22.2275469,1152,886,2024-05-02 02:31:18
448,692,181,90,39.708782,33.7636344,-27.2313338,1824,2414,2016-11-02 07:22:27
449,678,175,94,40.44,35.563408,50.1757487,6473,3316,2021-02-05 03:33:41
450,455,264,8,37.418091,9.6840203,14.1318474,8073,3510,2022-10-11 01:24:32
451,185,346,76,29.714699,55.8166469,55.9005444,5349,4111,2019-06-08 09:09:01
452,585,180,96,33.2192688,9.8539292,41.005341,1810,4910,2018-10-14 07:51:59
453,16,323,77,26.433417,-11.2362892,33.048227,7558,1750,2016-08-04 12:18:18
454,477,212,74,39.6080157,57.6593247,28.233802,4216,3150,2024-09-22 17:54:47
455,440,71,79,40.7316367,30.242572,45.2767109,8742,2961,2023-04-18 04:34:19
456,811,304,57,24.781681,48.8540194,11.0849336,8694,3973,2021-05-27 13:13:07
457,252,17,8,-6.4296,-19.0195852,37.0594675,2988,4239,2025-08-05 18:39:21
458,697,63,64,36.632873,47.0203207,-6.9176355,6802,1148,2022-10-29 21:33:34
459,765,181,93,27.088049,15.9052069,34.14,9112,3321,2018-12-31 11:43:28
460,907,109,86,23.096432,13.5820144,12.6836578,3842,3246,2017-06-05 07:57:37
461,17,60,52,49.5474598,-34.6562639,35.732798,9805,282,2019-04-05 16:46:23
462,718,14,72,54.0521127,-7.7789062,61.5715454,5788,4776,2016-12-15 23:26:44
463,981,322,42,0.7193581,24.192468,10.509627,5054,2466,2020-11-02 00:12:49
464,607,274,84,29.673196,-6.9895044,38.8,9206,4721,2019-01-24 01:17:55
465,810,184,5,6.9130451,32.7324624,52.1379258,9152,4484,2019-07-05 01:18:11
466,25,173,43,-10.3931514,31.16384,42.91679,3808,403,2024-11-01 15:12:24
467,500,163,59,22.884044,26.2448015,52.4000431,4739,1407,2018-07-03 17:24:37
468,613,289,99,27.096969,58.5920069,42.3998287,5435,3314,2022-03-05 19:46:34
469,705,210,73,-20.3761919,50.1597084,-8.6186415,5150,3851,2019-06-07 00:26:05
470,507,209,90,52.2876905,14.4730694,45.9045993,5674,3381,2018-05-06 21:21:38
471,740,307,41,40.2715286,38.627216,37.4968471,7697,4961,2023-10-05 10:36:19
472,875,1,52,-11.2166885,14.3380654,40.3972809,1959,1516,2024-10-20 10:29:01
473,364,207,95,14.5639944,-6.9158535,45.506995,7636,2654,2018-05-18 18:41:59
474,295,273,42,-6.8107874,6.4126332,52.958936,6286,38,2021-04-09 02:28:30
475,115,349,60,29.980362,27.022774,33.189192,3159,2026,2018-04-06 17:09:02
476,320,310,82,45.1257987,-6.7685746,14.3597816,1085,1394,2023-05-05 23:19:47
477,524,122,94,1.6699249,61.4559668,21.826957,5287,1219,2018-09-01 12:28:31
478,535,287,87,18.1096868,51.2757594,39.9474817,8797,2887,2020-02-16 11:43:28
479,325,12,15,49.8180882,26.887238,-8.6489,8512,1902,2019-09-13 04:19:11
480,723,311,5,-17.8546259,9.75,48.0386685,241,4898,2017-08-31 12:16:55
481,270,188,47,39.974179,47.6632745,13.38855,9205,4694,2017-10-01 00:41:57
482,269,194,57,53.8072015,31.760353,-13.6667285,1307,3272,2016-08-07 16:49:37
483,786,186,86,-6.97832,-30.1090924,45.8144238,8895,3178,2016-10-20 16:21:21
484,486,238,49,-21.120123,52.52466,16.4656784,3510,3643,2021-11-10 13:47:56
485,557,216,91,15.42495,23.157289,-23.2980974,9280,2270,2019-01-25 15:47:55
486,92,59,50,17.1613952,32.197328,-10.9965942,290,4171,2017-10-28 13:55:33
487,647,98,61,13.699545,39.985197,18.6779449,6744,1714,2016-07-13 08:23:30
488,654,10,42,39.3442902,48.8478808,23.02299,9732,4107,2019-02-15 23:36:58
489,539,65,62,35.2304671,42.17119,1.283678,8908,3549,2018-05-11 05:04:39
490,959,40,26,51.3613799,28.0367067,40.8437383,4800,4445,2017-09-12 02:42:46
491,354,342,52,-23.5441298,15.9468176,29.33801,6652,2091,2020-09-13 20:21:13
492,414,37,39,50.8777778,47.7489727,24.674624,6526,2946,2025-07-18 20:01:47
493,232,58,14,13.0034658,20.72404,-7.130192,8702,215,2016-04-01 11:03:39
494,255,32,46,29.5530941,5.759368,7.9855625,3372,139,2018-11-29 21:23:55
495,220,338,18,5.7265629,17.2004826,-12.7959196,4946,3941,2020-10-10 22:01:37
496,323,321,63,7.11667,14.262652,-3.446207,8569,3386,2018-01-29 16:28:04
497,102,26,24,50.3539899,-6.9253881,47.7728849,1412,824,2019-07-07 23:35:39
498,990,55,62,-6.5488924,39.74,34.2456501,8032,4554,2022-06-18 06:40:19
499,912,270,84,53.4066765,31.364042,41.6840477,649,1586,2020-09-18 19:24:53
500,890,224,33,39.618469,17.2743265,-20.9096549,7589,1903,2023-12-04 11:18:17
501,229,74,53,14.3407483,27.9424688,25.702973,4437,1112,2021-01-22 22:09:14
502,774,308,3,20.07552,-6.8370422,-4.5498525,1733,366,2019-05-20 15:14:06
503,71,313,61,35.383289,24.018269,32.152799,1899,2350,2025-01-25 19:06:29
504,288,100,88,21.660935,54.2637785,10.6968843,6689,2994,2021-09-03 21:53:37
505,668,209,69,-8.0199814,52.86673,45.8198363,413,4234,2024-10-15 00:20:59
506,147,225,42,53.731482,29.7444645,29.013167,1875,1083,2018-02-27 08:23:59
507,719,31,11,-32.6480698,32.158702,58.434681,2349,4390,2025-07-29 20:34:14
508,222,8,40,-10.1790674,14.5704544,12.7878653,7999,548,2020-04-06 08:03:03
509,659,198,43,3.856457,19.2983328,51.8315426,5302,4722,2023-11-20 10:30:37
510,578,262,62,22.517585,52.8056388,14.5458392,9231,233,2020-05-28 00:08:53
511,29,143,88,59.4310564,34.746611,50.85237,4273,4336,2016-08-20 07:35:10
512,509,232,96,69.679788,24.006293,35.811058,5261,3618,2021-04-19 20:13:48
513,726,317,78,30.070453,-8.2307484,50.6157447,2342,442,2024-08-27 06:15:32
514,16,137,78,-9.8524,39.953041,-0.2488358,6495,1136,2021-02-02 22:21:59
515,665,327,26,31.984497,41.3047616,14.0312016,183,4590,2019-12-14 03:47:55
516,957,130,64,56.0388248,15.3376191,44.7535743,8882,3068,2024-04-28 18:14:28
517,851,348,83,34.976557,22.75839,52.2081565,9682,2564,2020-09-11 01:12:37
518,413,341,43,25.9923398,29.291779,42.7003378,3247,2458,2017-03-02 08:30:48
519,424,106,41,49.5792067,25.504173,36.4045915,9619,3273,2019-08-23 04:06:01
520,628,202,30,43.2588087,53.4751957,60.1368081,2234,2828,2019-09-28 16:08:21
521,885,174,60,37.77026,-10.0828864,37.651814,1289,4210,2021-10-26 11:14:27
522,497,102,26,-6.9175575,37.347409,23.0861808,2133,4069,2019-01-19 19:04:04
523,369,308,51,-6.372081,-34.6761,-24.3817381,987,3856,2022-08-28 21:47:59
524,430,136,24,26.893368,-3.7702,22.947532,6906,3258,2021-07-04 17:49:47
525,183,72,7,38.6002724,-19.6633236,23.6367493,504,4227,2023-02-02 14:07:04
526,970,114,34,49.4285053,-8.6034763,-9.8185351,3504,434,2022-07-30 07:50:18
527,742,188,13,53.45,-5.8248093,12.4082969,9428,4334,2023-11-30 10:14:12
528,171,330,65,58.3495477,-6.6111441,59.9374398,7149,139,2019-01-30 07:25:16
529,998,190,91,44.9981985,-8.0796655,50.5374117,688,2672,2025-09-18 04:05:20
530,466,41,25,43.8324929,62.6014659,8.9282133,8921,2203,2023-02-18 12:05:47
531,311,189,65,-16.1001798,52.3670698,30.017741,5329,1595,2020-07-07 15:48:12
532,710,3,63,-7.2694279,49.8309961,-9.922886,2514,719,2025-06-13 15:48:03
533,851,40,69,-20.3656796,24.822233,47.1575927,7495,4591,2016-10-14 19:04:12
534,776,40,29,-12.5327517,3.0100681,50.0920849,6816,843,2020-02-25 01:07:31
535,312,134,18,15.537073,-26.7649439,34.950637,4718,2519,2019-10-25 21:43:17
536,118,134,39,34.6816856,39.0427392,32.107051,1248,2913,2021-05-13 19:55:51
537,532,25,29,28.7612,63.4107694,-16.8093546,910,4924,2024-07-02 00:35:47
538,541,53,40,12.9815608,28.378946,40.767544,3587,1686,2025-04-29 01:43:29
539,838,73,10,28.438851,48.1214727,31.558471,1341,786,2019-02-02 13:55:46
540,579,241,1,17.6102139,47.1666507,14.7043324,8030,4192,2020-10-24 00:02:27
541,333,177,80,29.046809,57.9250754,34.007974,2141,2362,2017-07-28 22:46:32
542,886,25,60,47.0166139,47.6651939,49.5792067,8644,4220,2022-05-10 12:17:25
543,115,31,81,49.0344853,63.4251286,60.1982825,9867,2578,2025-04-08 21:32:43
544,171,237,58,-3.2191864,30.638674,-6.279197,6630,2320,2023-01-02 17:29:52
545,679,173,33,46.0382659,45.0432878,48.8693156,4123,4511,2018-01-08 12:11:48
546,704,267,1,17.1390992,24.804232,40.9279942,4996,799,2015-12-13 18:38:40
547,907,7,70,49.4648362,13.7825775,-12.8955513,9301,2339,2021-06-05 23:25:43
548,417,47,10,35.3939908,55.7784607,31.5655844,2440,2685,2023-07-26 19:56:52
549,860,230,62,13.4776279,37.1878209,32.456061,1089,1145,2019-04-23 13:53:12
550,797,113,18,58.7028901,-6.9472168,-9.5715752,4786,4508,2015-11-11 06:29:32
551,861,236,32,24.960385,48.8927579,48.42647,1127,3504,2022-04-07 05:30:48
552,345,350,28,3.4481685,37.6710023,35.5407,2595,3946,2022-09-30 02:40:28
553,993,162,63,-6.4240524,-8.197451,14.1929998,3704,4730,2017-04-23 15:43:28
554,935,205,100,39.1845611,-31.4534131,57.5275396,8941,1289,2025-09-19 01:07:45
555,666,309,67,29.5846375,33.7746886,29.402881,9468,2590,2025-04-03 05:58:32
556,756,291,90,34.771604,33.029633,-14.1500098,7528,1000,2019-08-19 13:27:05
557,113,38,34,44.4846365,-26.1164276,17.2356186,5819,4262,2022-06-01 03:18:52
558,167,168,79,-11.4056968,13.83446,40.2676183,5884,2514,2018-02-21 06:12:18
559,63,188,2,59.3703069,41.149869,47.309181,4564,95,2022-12-18 19:41:49
560,810,267,61,49.5767154,-14.2252203,-29.7108776,5161,587,2024-05-29 13:13:24
561,615,168,39,-3.012309,37.070834,0.1698986,2425,2976,2019-12-19 00:09:15
562,30,235,88,46.737224,52.5916842,56.91683,8788,1672,2019-11-29 05:42:19
563,927,85,7,44.8529367,40.6502768,-21.4803962,9307,686,2015-10-09 07:57:57
564,815,44,99,23.714316,22.879493,47.8074536,3900,2010,2024-07-17 20:38:28
565,738,318,99,46.1659122,35.8113988,-4.683333,8493,3878,2020-06-01 13:34:57
566,248,309,80,9.90299,40.4810579,40.7111516,7663,2615,2024-12-28 07:28:00
567,90,234,82,30.741991,11.3421375,34.124484,2932,74,2021-01-12 23:01:47
568,454,173,44,22.299866,-6.831959,48.0158297,5143,3658,2024-03-11 22:16:15
569,582,149,40,48.3228384,6.647477,32.9578909,1852,1999,2017-04-06 09:04:56
570,321,123,27,16.0655913,29.72277,44.8601051,4617,4552,2025-03-22 03:03:56
571,604,128,22,41.11023,28.358884,10.2644903,6523,1526,2018-07-05 18:55:28
572,952,276,57,56.9496487,46.1168407,-27.4887196,6202,678,2019-05-07 01:06:37
573,275,40,92,0.8768231,32.223502,40.09864,1180,2331,2021-05-01 13:08:27
574,691,238,95,28.572029,-7.8121361,21.1127551,1714,1029,2018-09-15 00:01:38
575,290,195,28,53.4917756,10.148976,45.1,934,3496,2015-11-17 07:57:46
576,175,95,29,-17.5278467,48.9449573,43.4945737,1025,3620,2025-04-28 06:49:43
577,228,180,74,22.198745,38.5731807,42.5246357,5037,4740,2020-12-14 10:10:04
578,620,42,29,47.6451517,41.985186,23.404165,366,699,2019-04-12 01:27:48
579,753,308,38,48.65639,32.965655,59.9251831,6329,1923,2022-06-29 21:34:43
580,932,113,20,31.830035,40.4925406,61.5071877,9741,923,2017-12-21 19:01:32
581,541,287,81,23.1387718,29.708692,-6.98493,7028,2240,2023-04-13 19:19:51
582,526,325,83,39.9179113,47.660528,-31.3699,4673,2390,2024-11-12 00:04:44
583,490,296,5,41.0901834,-17.543301,-7.0478731,2077,4071,2021-12-20 06:05:26
584,413,192,65,7.47717,29.833396,62.9663709,6658,172,2017-01-27 15:09:52
585,827,262,47,29.24693,-8.5361861,37.5998847,104,2409,2017-01-06 00:14:13
586,414,342,35,26.602423,34.7577423,60.5770445,7151,4553,2021-01-10 07:56:45
587,686,150,38,-7.7629501,56.7481754,50.2296062,5421,2800,2024-11-18 03:35:33
588,151,111,71,-6.8686728,37.9375856,50.0622,4006,4559,2020-04-05 16:17:08
589,610,211,61,-10.116667,53.54091,-36.7247834,1898,180,2023-06-12 17:51:18
590,368,317,77,13.5955617,8.2458715,22.613406,1978,2002,2022-12-17 11:07:54
591,870,11,47,47.7489727,49.0130083,-6.3472173,576,4583,2018-11-14 13:52:52
592,17,216,23,38.3089089,-7.6589782,34.6911,4879,2959,2020-08-21 18:45:24
593,266,60,80,12.9796798,40.5454837,46.0852466,6077,4346,2019-11-19 03:16:05
594,572,62,29,30.5139542,19.5531189,42.8970535,5152,3877,2024-01-20 21:21:59
595,258,9,72,15.86056,30.203152,30.638674,5154,1179,2018-06-12 23:35:44
596,577,194,33,-8.0299,52.3582468,-7.2693645,4825,3994,2017-06-26 06:19:49
597,979,107,97,-9.7028,40.7086377,62.4729446,2652,710,2022-08-28 07:11:48
598,742,112,84,-16.8488172,35.490701,49.8687559,811,52,2017-02-16 23:37:00
599,805,340,2,-3.5594169,41.4069416,14.7902447,2298,3216,2019-05-14 23:40:53
600,974,115,23,14.9806953,37.198731,51.598999,1613,1460,2020-06-07 01:42:57
601,602,294,16,49.8799472,-34.7503543,60.2931464,3327,3909,2017-01-10 23:39:37
602,889,73,12,-6.5413435,6.4387946,41.4174956,1556,3199,2023-07-26 13:32:38
603,356,344,3,54.9066121,39.162045,-23.5325624,8487,3104,2023-12-13 07:09:35
604,524,248,3,7.0583573,22.9353419,24.2233588,2483,3710,2022-10-29 21:19:10
605,412,105,10,46.3698404,47.63319,10.4179921,1407,875,2021-08-09 14:33:22
606,664,139,53,14.5374461,66.322631,-7.5109156,178,4295,2016-08-14 00:10:10
607,464,235,7,36.049805,14.9045936,13.7374387,8950,2120,2019-09-02 19:37:27
608,694,234,79,11.5399857,-6.9967,-34.7382955,7266,2863,2019-07-03 21:13:32
609,156,49,41,-1.658501,38.6714312,48.48333,3220,3103,2022-07-11 03:22:31
610,840,240,55,29.528923,41.411881,58.3227586,480,1843,2024-02-01 11:46:47
611,369,53,55,14.554384,23.116912,24.9372186,8869,1703,2020-03-31 10:17:06
612,100,48,48,42.871502,-6.9206542,55.9588361,6847,1841,2019-05-08 03:52:25
613,119,301,92,-8.1132729,34.0506434,22.3995577,6953,2910,2024-05-12 20:08:51
614,918,201,73,53.5316199,12.1151051,47.594843,6673,2682,2016-03-07 13:31:59
615,732,267,5,-29.7844393,36.0534598,-6.9230423,1096,1539,2021-02-14 19:06:48
616,984,291,43,-27.4887196,49.7219212,-0.789275,3723,3624,2018-08-14 20:13:39
617,14,22,1,29.184943,37.1464563,51.9489686,1404,2481,2025-09-15 03:10:02
618,166,27,50,-8.4765241,39.8786639,41.6252602,1987,3332,2016-01-03 03:42:16
619,566,142,35,13.5847649,37.627661,47.317308,6139,2212,2023-02-22 20:28:41
620,850,238,6,40.827732,49.1418733,9.979992,9780,4336,2020-02-15 20:39:29
621,126,137,17,36.0932201,32.389131,-7.1066698,9701,3882,2019-08-22 01:33:51
622,85,67,12,26.015959,39.9602601,4.141254,6885,4932,2025-06-25 21:04:17
623,521,184,51,53.918411,-7.3511436,38.4664687,8718,106,2024-11-15 11:07:13
624,62,107,39,58.3736347,36.1069958,23.326616,3147,1732,2017-04-03 09:30:53
625,857,100,54,-7.1234674,43.4945737,30.6907753,2595,406,2021-03-05 02:31:29
626,477,220,79,37.73892,-31.43337,0.636206,2840,2953,2024-10-25 01:23:23
627,121,197,40,-10.5398609,43.0429124,-34.6104702,688,1967,2025-02-04 08:32:50
628,881,40,35,-5.2171961,45.1596128,14.5946094,4779,2825,2020-05-05 07:22:29
629,373,154,81,38.6125141,-8.271291,-29.5917671,373,2812,2022-10-08 03:34:16
630,565,312,66,40.7477848,0.85526,-6.8775205,8357,48,2022-01-12 10:31:39
631,167,15,44,36.8199022,34.0625448,-6.4930095,512,4089,2020-10-26 01:23:22
632,331,155,15,15.3749929,-12.1444393,-7.0890676,7959,3482,2015-12-28 14:30:02
633,982,224,33,41.2947756,52.4242797,44.1675867,7648,4754,2023-03-20 09:06:23
634,304,233,65,50.9485739,-7.3594399,-6.8739016,2664,1248,2023-12-01 14:55:56
635,785,8,36,-7.9035359,-24.5253253,11.4384457,3867,2254,2021-01-04 22:16:49
636,431,80,16,15.4964006,17.5736896,41.1455736,1857,1102,2017-09-08 11:18:33
637,292,304,56,41.88306,31.236833,53.621506,4086,2368,2025-09-12 05:10:06
638,310,92,79,60.0715764,15.1163904,5.5028937,8234,2887,2018-12-18 11:45:13
639,939,124,57,47.2952721,-8.2284,40.5895257,2626,4351,2017-11-01 21:10:49
640,893,307,11,11.1491947,-34.6802091,30.6803557,4844,4810,2023-09-22 22:35:13
641,19,164,26,31.28855,-25.3961603,-7.1935036,1973,2645,2022-01-27 18:09:55
642,629,333,43,40.5895257,56.3736264,35.8054733,1702,554,2021-05-21 04:02:36
643,156,216,21,25.4166153,45.3401583,12.8964041,1792,1358,2017-07-01 21:13:35
644,841,330,26,-6.8903,-10.1916603,12.1564921,7956,515,2023-10-24 12:31:38
645,265,344,64,29.5580077,30.7998721,41.9797938,8369,3082,2018-10-18 19:59:56
646,600,130,84,48.5347071,55.84069,45.3686282,9389,1089,2019-01-15 22:08:09
647,250,176,30,49.5345161,57.8708172,37.355469,5974,2519,2023-06-25 14:15:54
648,92,268,55,6.5163966,13.1782149,40.291843,8152,385,2021-03-30 15:54:27
649,590,72,83,56.5099223,39.6022749,49.6933676,945,2448,2020-06-24 12:15:35
650,307,56,38,50.6140977,-33.0061376,31.345009,3251,1107,2024-06-05 15:02:09
651,278,67,6,-8.401854,-6.2404416,16.7184323,5639,3320,2017-01-10 04:11:04
652,263,109,38,61.3660499,28.292519,8.50874,9699,408,2021-02-19 21:14:23
653,174,97,73,49.9542636,34.273409,27.395894,5134,1033,2017-03-20 16:36:32
654,591,312,41,16.9633521,61.1699194,14.5033033,3180,4526,2018-04-25 12:05:14
655,774,64,17,21.7425323,-9.4456381,31.33343,8601,2414,2020-09-15 06:32:02
656,758,71,25,-7.0385115,61.8592319,15.241178,812,963,2018-05-06 18:30:41
657,410,59,2,54.3494655,23.326616,-8.3627277,9506,280,2024-11-21 08:30:09
658,403,306,83,32.276495,25.941708,29.6464527,2084,3441,2019-07-14 17:44:56
659,642,139,7,47.6519866,42.5246357,14.570684,4685,1027,2020-11-22 20:07:39
660,689,4,46,61.3377349,39.8592119,49.35253,1729,4964,2023-02-25 07:41:06
661,820,280,54,32.1426,37.1623309,9.8513884,553,2050,2019-12-17 05:25:36
662,501,236,7,39.302809,14.90806,40.6195225,7197,4919,2019-09-23 23:25:08
663,480,258,53,-13.7145854,-46.2763744,53.3687505,5287,593,2020-07-21 10:47:15
664,369,83,49,50.7056119,59.5135547,37.479652,7348,1262,2022-04-18 04:42:01
665,348,219,44,34.151624,22.9410456,6.6759811,204,1807,2020-09-28 23:37:53
666,346,214,24,26.08603,36.2863829,31.360037,5723,2373,2022-11-29 20:51:09
667,692,112,55,11.8310981,39.764261,29.7286909,4246,3439,2025-03-17 22:00:39
668,539,238,5,42.735656,29.503085,32.318255,7696,444,2022-08-12 12:27:32
669,480,24,60,18.8478608,-7.7071613,39.612728,878,3703,2016-11-02 10:07:13
670,921,202,68,58.4005878,-6.9665934,0.3475964,8266,191,2023-10-26 22:12:12
671,884,155,97,8.582235,44.5007687,-34.4402062,7184,1211,2017-11-02 18:18:33
672,389,31,1,53.3347847,8.588397,45.4699386,5608,4874,2017-04-04 12:57:30
673,879,276,9,22.529403,48.574041,9.8318931,4442,4820,2021-04-03 09:53:15
674,600,303,36,36.67931,28.630289,59.3164285,5757,1627,2019-11-14 00:11:48
675,196,288,7,67.286069,29.099294,30.475663,3389,2425,2023-07-14 06:32:18
676,61,341,45,-24.884645,17.9567646,48.8818933,9426,1514,2023-11-02 19:01:27
677,458,133,79,12.5683747,24.2864848,38.3833041,397,1217,2017-06-25 04:42:05
678,650,262,98,39.70864,1.4888401,59.6626986,4497,1024,2025-03-05 18:33:24
679,661,226,14,48.835233,30.327543,21.6818943,3174,2887,2015-10-13 19:41:33
680,404,246,70,-34.6738798,-6.8973394,59.6794853,5068,3702,2016-12-06 21:11:25
681,113,259,36,-7.9675395,59.379366,31.2371338,8302,1820,2025-04-09 14:03:17
682,544,226,87,-22.2220229,44.1425014,32.7476492,2634,1826,2018-05-18 03:56:01
683,83,311,84,40.4531669,31.887402,-17.5495741,617,1826,2021-10-19 19:25:56
684,866,278,79,56.2995342,27.6616992,14.8904575,4530,1830,2022-01-01 01:29:43
685,200,78,42,24.1322243,48.7853082,12.5092044,6889,1621,2024-01-29 17:58:16
686,540,82,20,-3.45,28.73733,-6.6018462,9469,2129,2016-10-07 04:58:28
687,943,32,85,32.099905,12.9653403,14.5665991,4456,2951,2022-04-02 05:57:01
688,33,210,40,60.383333,-17.2333329,59.870238,3151,2918,2023-12-04 03:49:51
689,874,237,23,8.508983,33.5210036,45.054478,6811,4788,2020-09-06 02:16:08
690,246,183,53,10.0566953,33.570769,15.3098003,4434,4625,2024-07-10 08:42:54
691,338,70,94,34.433333,46.160492,59.2050499,6590,2069,2017-08-19 20:59:20
692,436,334,23,33.387684,39.228905,7.9712866,6385,1704,2018-12-22 19:33:13
693,256,101,89,43.6777677,-4.6389001,-8.3765619,6402,2553,2018-08-15 18:28:24
694,584,100,27,30.304377,-9.9304279,-11.2555478,7481,3859,2016-09-07 08:02:24
695,460,342,34,54.0086093,42.8913909,8.1104639,4555,670,2023-07-17 09:14:29
696,433,180,11,59.412262,45.4556955,12.2294835,5437,963,2022-08-27 09:37:25
697,470,333,100,29.6464527,15.6941944,32.790614,743,539,2020-06-01 00:27:55
698,764,340,26,50.6302806,17.7032238,56.6607917,2115,4814,2017-01-26 16:31:33
699,441,126,61,23.320477,46.2286,41.468342,9087,401,2023-07-28 06:41:22
700,851,220,82,48.2368992,41.3734134,8.8910633,1706,709,2019-02-10 11:19:32
701,316,280,55,34.477861,-33.4891416,-7.8748176,6913,3922,2020-02-24 21:14:26
702,527,262,53,38.310868,24.9372186,25.085589,9511,1363,2024-01-12 03:43:55
703,888,155,74,40.9368325,30.9422647,51.949401,4969,3731,2019-06-19 19:13:33
704,419,179,44,52.182599,59.853262,15.610054,2837,4188,2023-12-31 04:23:23
705,681,257,30,41.805137,18.1646497,24.848984,5824,1489,2024-09-16 22:53:01
706,427,28,68,48.9648921,-8.3351552,25.770509,4148,2898,2023-07-13 03:44:35
707,754,113,72,30.475663,0.8348125,39.2957066,4908,2213,2017-11-01 07:15:10
708,839,290,78,19.701143,8.688031,36.6298186,9123,3791,2017-05-27 14:25:59
709,121,178,88,49.1199699,41.2930767,31.015709,2508,820,2018-02-09 06:15:13
710,35,203,28,29.9246825,34.8838824,-7.2894986,4595,1032,2018-03-24 00:58:54
711,918,32,67,10.7242788,41.7195748,-6.987312,2103,4580,2015-11-10 06:48:50
712,892,53,4,31.5977,3.74973,-6.26,6988,4016,2024-08-10 06:15:39
713,987,197,26,-6.05,-6.719137,-18.9745738,2082,4855,2015-11-03 18:24:29
714,573,263,47,-8.6900261,56.0418013,-33.2827093,4387,4093,2021-01-15 15:47:33
715,986,296,60,-7.823074,13.5215952,40.7143433,9040,1746,2017-01-19 05:48:00
716,247,217,49,14.5180441,48.64278,0.7349651,1456,172,2022-09-12 02:30:22
717,254,285,46,51.6403247,1.0357171,10.4801506,1447,886,2021-09-14 10:36:55
718,712,101,5,9.915551,-6.3267969,33.398866,903,3142,2019-08-12 02:38:18
719,499,118,4,-25.6962731,30.501816,4.7472212,3821,244,2024-09-08 23:25:15
720,463,316,61,38.0817234,31.268047,15.5262669,145,2583,2025-01-04 02:41:27
721,641,325,93,24.3653152,49.4637092,6.6802044,842,1648,2022-04-13 00:34:13
722,457,28,16,48.1283188,47.1899563,-22.7106685,3960,699,2020-03-27 22:28:26
723,933,289,58,9.8566537,-7.072846,14.5806413,3865,1692,2022-05-30 13:53:16
724,193,36,36,32.0467278,-7.8748176,29.0994968,4543,1132,2020-05-16 01:17:56
725,436,272,77,29.134418,9.039263,35.895047,630,4797,2019-10-10 17:14:30
726,973,62,28,18.1821215,56.1244724,50.3093303,6433,3644,2025-01-18 22:45:13
727,261,180,36,29.972084,49.4250351,34.7105088,9531,2749,2015-10-06 19:48:18
728,656,312,71,8.6800991,32.5443894,38.05106,948,3103,2016-05-29 21:17:24
729,158,323,83,34.0078256,-9.2247779,-38.6699757,1790,2730,2022-10-17 04:27:32
730,422,131,13,12.5641479,15.2510231,49.4259425,3646,4705,2021-08-19 11:09:23
731,563,239,60,52.516323,28.363741,29.1513922,5992,4493,2025-08-08 06:42:57
732,725,71,46,38.2645,35.12751,36.334104,1146,2490,2015-11-21 20:07:57
733,9,329,61,61.337971,30.520783,-26.7761609,7024,3796,2019-12-31 10:21:47
734,582,287,81,-6.8754582,26.5153766,38.35,9436,3280,2021-05-10 11:44:13
735,2,338,14,51.2828145,57.3665832,40.0580479,9162,2553,2016-10-21 18:38:05
736,834,169,69,38.042805,10.4471471,6.6448093,1052,3127,2024-07-18 22:14:06
737,398,252,36,43.4945737,37.9414132,8.9410756,7729,3971,2017-05-04 04:19:47
738,713,172,77,59.9112915,39.7968818,9.791337,7328,1562,2016-01-05 03:58:27
739,105,94,80,-7.1929741,5.5333804,48.726098,7268,4373,2025-06-02 08:54:39
740,706,147,97,38.2643887,-19.59354,15.8507092,9454,3967,2023-09-26 11:24:06
741,778,337,71,7.9300961,1.699532,35.708631,8038,1244,2025-01-30 13:00:22
742,486,136,17,57.8593919,-7.5718057,23.7247599,9117,456,2022-11-29 01:08:44
743,232,150,42,-20.4827446,-27.2290951,39.4883941,4799,127,2022-04-19 17:46:30
744,170,20,84,29.709214,39.985197,11.4326663,5400,4712,2020-10-15 14:33:03
745,90,223,5,40.4385006,41.119997,52.9480781,7723,4026,2023-04-18 04:39:55
746,905,200,33,45.2544588,7.6738908,9.3140186,7651,3875,2021-08-14 20:11:54
747,122,323,48,52.3518344,40.608793,6.839006,9831,1718,2020-07-05 18:16:06
748,285,226,83,11.2927933,9.3226016,42.8212455,199,4963,2017-06-28 05:34:32
749,836,81,30,-4.579855,23.106401,23.09964,1285,4401,2020-12-06 17:40:01
750,229,255,86,-8.339302,38.033281,5.3847763,2879,2208,2024-09-16 11:01:21
751,650,237,9,25.710002,56.3690033,30.5211502,9027,2445,2020-04-19 09:18:54
752,482,37,27,-7.2026914,22.940196,34.852159,8487,4982,2019-07-07 22:44:08
753,707,248,30,49.19177,40.6318731,-8.2837661,5700,674,2018-12-22 18:03:02
754,990,314,27,40.3443875,30.453667,-8.5979954,8797,121,2021-08-28 13:07:14
755,43,162,55,38.1162631,-36.6131562,40.1726307,3321,875,2021-07-26 12:54:14
756,672,245,44,20.023731,22.529403,60.910493,5438,3871,2021-02-25 10:35:29
757,295,142,14,44.8737926,54.8986278,52.3329057,4339,3971,2022-02-11 19:06:55
758,219,260,65,46.4356499,34.973149,43.4595044,6843,1009,2016-10-21 20:57:14
759,344,317,47,36.645169,59.3030191,40.9050121,2771,332,2018-04-02 08:57:04
760,132,281,1,16.7621977,47.7809616,31.89609,2282,1062,2019-07-17 14:19:52
761,674,349,66,59.9715263,-11.5576676,-25.7770273,5273,2592,2018-01-02 21:46:47
762,178,271,78,45.106849,34.996741,35.202503,1652,4909,2020-03-28 12:33:40
763,53,13,59,32.699635,57.6947552,31.422941,3242,1565,2019-12-16 23:25:35
764,651,201,62,-6.4712737,46.6211188,38.9908943,1368,4890,2017-10-17 08:23:53
765,280,322,81,32.4748152,55.893363,-7.6247732,5695,3921,2017-07-05 18:46:24
766,942,214,6,24.633362,52.4818411,-7.135868,5701,4071,2015-12-28 04:50:47
767,801,35,83,40.9981633,32.8449965,-7.9666204,3435,3947,2020-12-22 08:24:59
768,501,56,53,35.0475045,14.2549626,46.1428433,103,122,2020-06-06 13:15:49
769,707,180,96,24.3401994,41.4252912,22.974898,210,3610,2022-02-19 22:02:15
770,256,153,84,43.704612,6.4687099,42.1811386,6755,4502,2020-05-06 18:21:28
771,855,236,62,-23.8139412,38.0970415,7.81194,1956,4603,2021-01-21 05:34:54
772,253,113,78,16.0501738,15.5518829,52.7634482,9598,4244,2015-10-05 19:45:01
773,633,113,20,-21.2397333,32.421701,22.5676118,7891,4654,2024-04-08 01:11:42
774,286,274,34,15.1634121,-7.3198199,49.054082,8410,2384,2021-03-20 16:36:56
775,597,114,71,-25.7394696,-36.8201352,50.9218266,9735,4005,2016-01-15 04:00:58
776,697,108,21,55.5808883,14.5716986,34.92357,5750,1309,2019-02-21 10:04:44
777,843,339,73,50.0142619,38.7004199,54.0086093,7458,1457,2023-05-08 22:58:04
778,111,32,33,54.3141155,51.7419091,44.4369429,9702,3498,2021-08-27 04:51:47
779,177,346,40,14.5024732,48.9003986,5.614775,7296,2792,2019-10-16 15:47:48
780,68,47,69,-11.9314714,-6.8744345,40.7200264,1229,2352,2020-11-12 00:00:33
781,29,267,72,30.265327,7.7553228,40.4168034,5057,498,2019-08-08 05:23:34
782,459,70,53,41.2867601,-7.6913152,24.1573777,5153,3461,2020-11-11 12:37:25
783,1,252,94,22.3363608,59.2691081,-6.3991308,1243,4188,2017-08-18 13:18:13
784,544,78,75,50.3616019,44.9544161,23.1451405,3481,2544,2022-06-13 03:39:58
785,573,40,37,38.7831391,43.3582371,37.5968793,9202,4952,2020-02-05 04:39:55
786,784,176,34,23.09964,14.6511524,40.420237,5680,201,2017-01-20 08:18:07
787,32,334,30,6.4361438,35.0018174,35.3292328,5365,520,2022-02-20 13:45:18
788,112,212,25,41.64,47.785421,45.130739,7000,3484,2021-02-23 05:25:01
789,591,246,6,31.5547633,41.055232,-14.0845123,3846,2669,2023-03-01 14:43:07
790,438,43,40,46.4566661,41.0914367,39.109563,9695,4209,2019-06-19 19:30:26
791,596,75,43,36.2140865,54.0474092,-28.6454883,4642,3356,2024-02-11 23:05:53
792,976,26,51,-33.5020548,13.1956813,20.7526658,740,2628,2021-01-30 03:22:15
793,725,289,72,14.5939732,51.8925044,2.7239834,3159,4367,2020-03-08 04:27:09
794,554,265,42,54.1190657,18.8104433,52.066952,1657,4325,2020-08-30 15:40:33
795,330,2,77,-33.9842244,16.5,34.3552212,8261,554,2016-04-27 03:34:02
796,376,46,11,41.5678915,45.2414259,55.07917,5158,2795,2016-03-25 10:14:57
797,590,301,90,-7.0405094,26.974959,52.0997957,4932,200,2016-07-10 14:26:08
798,565,49,1,54.2474065,-32.3385963,44.596097,1771,684,2024-10-27 05:28:59
799,376,5,99,27.690732,-7.0621,-6.8708335,3499,1638,2019-08-29 09:56:25
800,453,102,100,41.9339521,40.145705,22.170437,4129,80,2022-03-19 03:51:02
