id,number,model,Issuedate,Exp_date
1,1044,Suzuki,2018-04-03 02:20:47,2026-04-26 07:44:15
2,9751,Toyota,2018-03-24 23:30:53,2025-11-14 00:06:44
3,4495,Toyota,2017-11-24 17:54:20,2026-08-29 05:52:40
4,7422,Suzuki,2018-11-15 00:41:49,2026-09-16 19:42:24
5,5534,Chevrolet,2019-09-03 23:57:15,2025-08-16 14:13:31
6,1065,Skoda,2018-11-29 01:11:58,2025-11-24 05:36:22
7,1832,Fiat,2018-09-15 23:33:38,2025-04-07 20:42:57
8,4602,Suzuki,2018-01-15 21:16:47,2026-03-16 23:00:52
9,1467,Honda,2019-12-03 09:28:00,2026-06-13 18:59:02
10,9196,Maruti,2018-12-27 16:19:49,2025-08-22 16:22:51
11,7519,Honda,2019-07-12 06:00:51,2025-12-23 20:47:45
12,2180,Toyota,2017-11-10 02:11:15,2025-11-15 17:31:35
13,6115,Suzuki,2019-07-21 01:26:35,2025-07-31 21:21:26
14,2005,Chevrolet,2018-12-09 17:11:51,2026-06-26 17:49:06
15,8156,Chevrolet,2019-10-28 13:12:29,2026-10-18 10:13:32
16,1277,Skoda,2018-06-25 01:05:59,2025-01-21 20:30:31
17,6856,Hyundai,2019-05-13 13:03:19,2026-11-19 01:16:40
18,7546,Skoda,2018-01-29 05:05:42,2025-03-02 17:18:28
19,1467,Fiat,2019-10-01 21:34:00,2025-07-21 07:10:50
20,2355,Maruti,2018-03-22 06:48:40,2026-03-07 18:23:53
21,6873,Chevrolet,2019-12-10 22:33:23,2025-05-20 10:39:32
22,5318,Mercedes-benz.,2019-01-06 00:09:44,2026-12-26 14:47:36
23,8780,Maruti,2018-08-13 15:38:44,2026-02-26 05:51:30
24,6052,Mercedes-benz.,2019-08-20 13:11:17,2025-05-21 11:03:41
25,8674,Suzuki,2019-06-09 09:59:25,2026-11-17 17:19:09
26,3409,Fiat,2019-01-21 19:10:06,2025-02-04 21:57:43
27,2948,Honda,2019-04-24 22:38:18,2025-12-11 10:09:00
28,8078,Chevrolet,2018-01-02 13:31:02,2025-11-11 21:18:42
29,2032,Maruti,2018-08-20 13:03:36,2025-11-25 10:15:47
30,1208,Toyota,2019-05-20 09:19:54,2026-06-11 10:13:38
31,4841,Hyundai,2017-12-20 03:48:17,2025-05-30 08:59:17
32,8703,Maruti,2019-08-18 01:37:38,2025-01-04 14:32:05
33,9262,Fiat,2018-01-13 01:33:01,2026-07-25 19:20:39
34,9128,Suzuki,2018-09-04 20:32:47,2025-03-05 14:47:38
35,7214,Toyota,2019-09-20 02:05:51,2025-11-16 12:19:38
36,8435,Hyundai,2018-08-04 22:14:12,2025-08-19 16:31:42
37,3907,Fiat,2018-08-28 01:54:30,2025-01-06 09:30:01
38,5925,Suzuki,2019-09-04 10:48:27,2026-04-27 11:00:15
39,9801,Honda,2018-12-09 07:57:42,2025-08-01 10:52:25
40,1582,Maruti,2019-04-21 19:54:00,2026-08-15 20:36:52
41,7813,Honda,2019-08-15 20:19:47,2026-07-24 18:58:42
42,2204,Fiat,2019-01-28 12:59:57,2025-12-22 09:35:05
43,4638,Mercedes-benz.,2019-10-09 00:17:56,2026-11-04 14:57:14
44,7547,Hyundai,2018-01-06 15:35:49,2025-05-30 21:23:27
45,4565,Fiat,2018-04-30 11:38:58,2026-10-13 09:13:31
46,5302,Toyota,2018-12-14 13:52:39,2026-03-26 04:36:27
47,1085,Maruti,2018-05-20 07:32:16,2026-11-19 07:33:32
48,5641,Mercedes-benz.,2017-11-13 16:37:19,2026-04-29 05:05:26
49,1915,Chevrolet,2018-08-22 17:57:34,2026-08-20 00:04:05
50,3618,Toyota,2019-08-16 12:34:50,2025-10-21 20:35:55
51,6970,Hyundai,2018-03-24 00:58:06,2025-09-30 00:53:30
52,9349,Chevrolet,2018-10-13 12:27:05,2025-10-30 07:37:14
53,9061,Toyota,2018-12-06 19:44:01,2026-08-26 01:27:20
54,4854,Suzuki,2019-07-20 06:32:42,2026-03-18 19:30:50
55,7865,Skoda,2018-08-29 06:42:55,2025-06-06 23:15:04
56,9573,Hyundai,2018-03-16 18:11:14,2026-06-06 19:36:38
57,1898,Chevrolet,2019-11-10 15:02:28,2025-07-29 21:45:30
58,7549,Skoda,2018-10-19 22:19:23,2025-11-04 11:20:47
59,5176,Mercedes-benz.,2018-07-18 05:49:12,2026-07-22 10:28:08
60,1167,Chevrolet,2018-11-19 13:00:43,2026-08-12 09:27:29
61,3395,Skoda,2019-07-02 02:47:52,2025-08-26 09:30:07
62,2115,Toyota,2019-11-30 05:49:59,2025-12-12 06:59:38
63,9220,Mercedes-benz.,2019-09-14 08:12:50,2025-06-01 00:27:58
64,4202,Chevrolet,2019-07-20 20:54:38,2026-10-01 15:46:10
65,1497,Hyundai,2017-12-15 10:58:42,2025-01-16 21:07:49
66,9695,Maruti,2019-09-02 00:33:53,2026-10-24 13:51:08
67,9724,Hyundai,2018-06-06 09:49:05,2026-09-26 11:04:54
68,9472,Maruti,2019-04-12 09:04:02,2026-05-02 13:31:15
69,3120,Toyota,2018-09-13 19:59:19,2026-06-16 12:02:46
70,9672,Maruti,2017-12-30 16:57:23,2026-07-15 09:44:55
71,4449,Hyundai,2017-12-13 07:17:53,2026-05-31 22:20:50
72,8581,Toyota,2019-06-29 11:59:12,2026-07-29 17:23:10
73,1723,Chevrolet,2019-07-17 06:45:16,2025-02-23 16:57:56
74,9890,Skoda,2019-06-24 11:36:59,2025-08-06 03:46:13
75,9613,Suzuki,2018-10-04 03:16:58,2025-01-27 03:15:49
76,8926,Chevrolet,2018-10-31 05:06:41,2025-08-30 17:29:12
77,2684,Hyundai,2019-09-12 00:17:47,2026-06-01 01:58:33
78,6027,Suzuki,2019-07-14 19:00:37,2025-07-27 07:30:23
79,3359,Maruti,2019-11-23 08:47:45,2026-12-19 16:59:56
80,9510,Suzuki,2019-05-31 22:33:51,2025-02-24 14:51:18
81,5370,Honda,2018-11-28 14:08:49,2026-02-01 16:14:21
82,8812,Maruti,2018-10-03 12:14:49,2026-03-18 01:28:40
83,2899,Maruti,2019-11-24 11:27:52,2025-05-28 15:43:51
84,2389,Suzuki,2018-05-23 04:53:00,2026-04-12 17:19:39
85,7951,Toyota,2018-10-04 01:49:46,2025-08-12 05:59:18
86,6533,Honda,2018-01-06 09:44:59,2026-01-26 00:15:43
87,7136,Chevrolet,2019-02-16 08:02:47,2026-03-28 21:15:30
88,8732,Toyota,2018-07-25 18:43:05,2025-03-08 02:46:56
89,7294,Hyundai,2017-12-26 23:59:52,2025-05-14 09:14:20
90,8847,Honda,2018-11-19 16:41:11,2026-01-08 21:17:00
91,1277,Hyundai,2019-08-06 17:58:38,2026-07-17 20:25:12
92,6270,Honda,2018-11-22 09:52:07,2026-03-23 05:44:27
93,6507,Maruti,2019-12-17 00:29:52,2025-12-23 18:53:03
94,1507,Suzuki,2018-09-24 00:53:29,2025-08-28 15:13:24
95,2086,Skoda,2017-11-07 18:32:28,2026-05-27 15:12:40
96,9752,Hyundai,2019-05-15 14:52:17,2026-05-25 15:22:01
97,3762,Honda,2019-10-30 03:03:19,2025-09-23 05:45:49
98,9374,Suzuki,2019-08-07 22:19:14,2025-10-25 15:01:44
99,3335,Suzuki,2019-07-02 09:53:10,2025-01-05 05:53:11
100,9683,Mercedes-benz.,2018-09-14 00:23:34,2026-12-11 14:50:01
