id,user,driver,book,remark
1,282,1,309,
2,979,331,415,
3,770,95,186,
4,699,126,103,
5,464,27,145,
6,60,277,126,
7,169,168,29,
8,582,312,286,
9,738,15,285,
10,636,234,382,
11,883,41,480,
12,380,260,500,
13,224,265,283,
14,690,174,17,
15,421,275,300,
16,473,267,399,
17,966,104,241,
18,428,132,221,
19,527,263,32,
20,39,32,44,
21,648,9,102,
22,150,26,127,
23,162,180,213,
24,330,329,265,
25,618,190,382,
26,935,51,353,
27,671,295,201,
28,911,331,369,
29,191,329,432,
30,981,296,79,
31,105,135,332,
32,744,118,359,
33,746,202,175,
34,944,312,294,
35,174,274,492,
36,498,213,212,
37,149,277,71,
38,568,316,340,
39,865,158,436,
40,577,12,156,
41,217,182,102,
42,399,100,477,
43,671,174,392,
44,914,314,333,
45,345,242,384,
46,138,150,484,
47,762,100,380,
48,9,26,263,
49,114,106,3,
50,715,163,162,
51,11,246,34,
52,623,161,214,
53,6,170,260,
54,580,46,480,
55,966,297,81,
56,553,333,166,
57,62,71,439,
58,345,254,91,
59,452,329,203,
60,446,230,360,
61,370,41,284,
62,927,163,88,
63,551,134,108,
64,863,348,230,
65,496,33,111,
66,190,331,268,
67,367,88,149,
68,164,6,427,
69,880,241,488,
70,28,57,21,
71,23,313,449,
72,130,48,146,
73,334,93,48,
74,71,91,76,
75,419,148,239,
76,11,195,77,
77,955,154,313,
78,878,101,394,
79,324,74,474,
80,850,106,69,
81,846,150,85,
82,264,348,395,
83,222,243,202,
84,661,195,106,
85,603,155,105,
86,2,339,304,
87,917,102,410,
88,84,331,488,
89,611,277,253,
90,712,25,268,
91,438,149,47,
92,66,266,223,
93,873,81,239,
94,127,58,239,
95,282,157,298,
96,712,325,103,
97,369,223,351,
98,666,256,408,
99,829,340,197,
100,253,184,313,
101,805,156,294,
102,338,135,80,
103,240,331,438,
104,999,179,208,
105,221,295,356,
106,808,56,207,
107,819,246,289,
108,928,148,425,
109,587,302,185,
110,598,16,464,
111,863,346,369,
112,476,198,80,
113,945,275,109,
114,336,124,158,
115,639,327,101,
116,404,302,146,
117,406,118,60,
118,111,175,440,
119,534,268,188,
120,683,126,55,
121,778,234,133,
122,838,338,261,
123,69,30,286,
124,795,266,426,
125,33,133,339,
126,956,227,330,
127,551,84,11,
128,708,222,419,
129,513,35,111,
130,269,7,456,
131,192,165,399,
132,24,287,133,
133,374,170,466,
134,267,105,93,
135,232,98,171,
136,652,192,339,
137,923,317,147,
138,613,332,334,
139,12,330,293,
140,912,18,221,
141,414,58,430,
142,31,20,341,
143,166,101,457,
144,768,308,307,
145,818,295,329,
146,517,314,40,
147,85,35,82,
148,771,251,200,
149,865,330,40,
150,43,48,485,
