1,12,1102,2019-10-10 01:07:12,985-488 Felis. St.
2,74,1110,2019-10-10 05:07:02,"P.O. Box 604, 2352 Netus Ave"
3,29,1108,2019-10-06 13:51:13,7603 Magnis St.
4,85,1105,2017-11-10 12:36:05,Ap #849-5135 Lorem St.
5,23,1110,2018-08-20 06:42:47,9421 Eget St.
6,86,1103,2018-12-18 11:08:40,Ap #655-7741 Nascetur Avenue
7,49,1105,2019-10-25 17:14:05,Ap #396-5738 Velit Ave
8,88,1110,2018-11-10 21:56:54,"P.O. Box 360, 1737 Est Ave"
9,56,1110,2017-11-06 15:41:09,4653 Commodo Ave
10,98,1109,2019-10-13 17:50:45,5516 Nec St.
11,51,1110,2019-08-04 11:08:53,Ap #739-2566 Quam Rd.
12,49,1103,2019-05-04 14:23:30,"Ap #181-4527 Vel, Ave"
13,77,1105,2018-09-20 19:08:06,Ap #486-290 Interdum Av.
14,57,1108,2018-12-12 09:43:56,951-6040 Diam. Av.
15,47,1107,2018-12-17 10:37:57,Ap #115-4481 Luctus St.
16,74,1101,2018-08-17 20:44:17,2843 Erat Av.
17,19,1109,2018-01-21 17:17:55,3852 Ac Rd.
18,15,1105,2019-12-10 15:49:46,Ap #842-6555 Eget Rd.
19,9,1106,2018-10-12 00:25:35,3184 Nulla Ave
20,28,1104,2019-08-23 16:08:52,"P.O. Box 561, 2200 Interdum Av."
21,63,1105,2018-08-25 20:27:23,"Ap #389-5479 Vel, Rd."
22,54,1105,2017-11-15 10:41:43,729-928 Augue Av.
23,21,1102,2018-10-05 22:19:40,294-6766 Sodales St.
24,9,1103,2019-09-10 22:12:11,"P.O. Box 806, 123 Leo, Street"
25,56,1107,2018-12-29 18:50:05,6976 Faucibus Rd.
26,57,1110,2019-04-26 11:44:49,3436 Pretium Avenue
27,33,1102,2018-05-24 23:26:49,"Ap #345-2210 Quis, Rd."
28,69,1109,2019-09-09 08:54:12,8705 Donec St.
29,9,1105,2017-10-31 15:49:14,868-2370 Sed Rd.
30,87,1103,2018-12-21 23:00:32,6024 Proin Av.
31,79,1105,2018-05-16 07:59:28,"P.O. Box 538, 2017 Montes, Rd."
32,1,1107,2019-08-15 04:51:20,"940 Vitae, Rd."
33,39,1103,2018-04-17 21:21:09,497-8471 Ipsum. Rd.
34,72,1105,2018-05-14 07:40:17,Ap #436-8819 Eu St.
35,36,1103,2019-08-23 14:51:32,"P.O. Box 871, 8203 Nibh Ave"
36,69,1108,2018-08-24 15:52:24,"595-9066 Eu, Av."
37,61,1107,2018-03-18 05:43:30,7714 Aliquam Av.
38,78,1101,2019-08-12 08:15:05,6403 Pretium Av.
39,95,1105,2018-07-08 00:33:10,"P.O. Box 309, 9086 Nisi Rd."
40,96,1102,2018-05-06 22:10:31,Ap #111-9838 Natoque St.
41,92,1109,2018-03-09 08:02:03,420-1457 Sit Ave
42,38,1104,2019-08-16 21:02:37,7402 Sit St.
43,81,1101,2018-07-02 10:30:46,3090 Ac Street
44,76,1106,2018-07-07 06:56:52,"P.O. Box 169, 4384 Turpis. Road"
45,57,1103,2019-09-25 20:34:22,"174-1216 Odio, St."
46,12,1102,2018-12-20 13:14:03,"P.O. Box 602, 1217 Gravida Road"
47,98,1109,2018-03-09 13:27:32,Ap #391-6322 Dolor. Rd.
48,91,1106,2018-10-02 03:20:20,1013 Luctus St.
49,36,1109,2018-10-27 10:53:12,Ap #726-7826 Purus Ave
50,66,1109,2019-10-31 06:02:48,Ap #835-2622 Elit Avenue
51,24,1101,2019-03-04 05:06:20,Ap #168-5915 Ante Avenue
52,27,1105,2018-09-15 17:26:44,182-8707 Orci Rd.
53,24,1104,2018-10-19 08:27:09,593-5692 Eleifend St.
54,57,1105,2018-01-12 07:03:30,"P.O. Box 853, 847 Aliquam Street"
55,90,1109,2018-08-07 20:03:48,Ap #985-2655 Duis Ave
56,52,1107,2019-09-08 16:24:39,Ap #414-1324 Fringilla Rd.
57,25,1107,2019-07-26 07:10:00,633-6096 Dui. Rd.
58,50,1109,2017-11-17 14:25:03,Ap #355-3216 Suspendisse St.
59,35,1101,2018-03-25 21:25:08,1385 Ut Av.
60,52,1104,2018-10-21 18:03:37,6990 Nibh Av.
